שם סעיף,הצעת חוק,חוק סופי,הבדל1,הבדל2,הבדל3
מטרת החוק,לא קיים סעיף כזה,"מטרת החוק 1 . מטרתו של חוק זה היא להסדיר את הפעילות במשק החשמל לטובת הציבור, וזאת
תוך הבטחת אמינות, זמינות, איכות, יעילות, והכל תוך יצירת תנאים לתחרות ומיזעור
עלויות.",בסעיף “מטרת החוק” הוספה חדשה בחוק בפועל (הצעת החוק כלל לא כללה סעיף כזה).,,
הגדרות,"1 . בחוק זה ­
""אזרח ישראלי"" ­ במשמעותו בחוק האזרחות, התשי""ב1951­ 1;
""אמצעי שליטה"" ­ כל אחד מאלה:
(1) זבות הצבעה באסיפה כללית של חברה או בגוף מקביל של תאגיד אחר;
(2) זכות למנות דירקטורים או מנהל כללי של החברה ובתאגיד שאינו חברה ­
בעלי תפקידים דומים;
(3) הזכות להשתתף ברווחי התאגיד;
(4) הזכות לחלק ביתרת נכסי התאגיד, לאחר סילוק חובותיו בעת פירוקו;
""בעל ענין"", ""בן משפחה"", ""החזקה"", ""שליטה"" ­ כמשמעותם בחוק ניירות ערך, התשכ""ח­
;2 1968
""בעל רשיון"" ­ מי שקיבל רשיון לפי חוק זה;
""המנהל"" ­ מנהל מינהל החשמל במשרד האנרגיה והתשתית שימונה לפי סעיף 48
לחוק;
""השר"" ­ שר האנרגיה והתשתית;
""השרים"" ­ השר ושר האוצר;
""הרשות"" ­ רשות לשירותים ציבוריים ­ חשמל, שתוקם על פי סעיף 20;
""חברה"" ­ כהגדרתה בפקודת החברות [נוסח חדש], התשמ""ג1983­ 3;
""חוק התכנון"" ­ חוק התכנון והבניה, התשכ""ה1965­ 4;
""יצרן חשמל"" ­ בעל רשיון או רשיונות ייצור, אשר השר קבע לגביו, כאמור בסעיף 17(ב);
""יצרן חשמל פרטי"" ­ בעל רשיון או רשיונות ייצור, אשר השר לא קבע לגביו, כאמור
בסעיף 17(ב);
""מוסד תכנון"" ­ כמשמעותו בחוק התכנון;
""מחזיק אמצעי שליטה"" ­ מי שמחזיק בעצמו או יחד עם בן משפחתו או עם אחרים
הפועלים עמו, דרך קבע, יותר מעשרה אחוזים מסוג מסויים של אמצעי שליטה;
""מיתקן חשמל"" ­ מיתקן המשמש לשם ההלכה, מסירה, חלוקה, הספקה, צבירה, שינוי או
השנאה של חשמל, לרבות מבנים, מכונות, מכשירים, מצברים, מוליכים, עמודים, אבזרים
וציוד חשמלי קבוע או מיטלטל,
הקשורים במיתקן, לרבות מיתקן המשמש לייצור חשמל
בהספק שאינו עולה על 5 מגוואט;

""מנהל הרשות"" ­ מי שימונה כמנהל הרשות לפי סעיף 30;
""מקרקעין ציבוריים"" ­ מקרקעי ישראל במשמעותם בחוק­יסוד: מקרקעי ישראל,5 או
מקרקעין בבעלות רשות מקומית או בבעלות תאגיד שהוקם על פי חוק ושההחזקה בהם
היא בירי אחד מהם;
""מקרקעין פרטיים"" ­ מקרקעין שאינם ציבוריים;
""נושא משרה"" ­ כהגדרתו בפרק ד'ו לפקודת החברות [נוסח חדש], התשמ""ג1983­;
""פקודת זכיונות החשמל"" ­ פקודת זכיונות החשמל,6 כפי שתוקנה בחוק התוספות לזכיונות
החשמל (תשלומים בעד חיבור למערכת החשמל), התשכ""ד1963­ ,7 חוק התוספת לזכיון
החשמל (תיקון הזכיון), התש""ל1970­ ,8 וחוק לתיקון פקודת זכיונות החשמל (מס' 3),
התשנ""ד1994­ ,9 ובתוספת לחוק הספקת חשמל (הוראות מיוחדות), התשמ""ח1987­ 10;
""פקודת זכיונות החשמל (ירושלים)"" ­ פקודת זכיונות החשמל (ירושלים)"";
""צרכן"" ­ מי שרוכש חשמל ואינו בעל רשיון ספק שירות חיוני;
""רשיון אחר"" ­ רשיון שאינו רשיון ספק שירות חיוני ואינו רשיון ייצור;
""רשיון להולכה"" ­ רשיון להעברת חשמל ממקור ייצור במתח עליון ועל עליון, אל תחנת
משנה;
""רשיון להספקה"" ­ רשיון שמכוחו הוסמך בעל רשיון חלוקה למכור חשמל לצרכן,­
""רשיון לחלוקה"" ­ רשיון להעברת חשמל מתחנת משנה אל צרכן, דרך קוי מתח גבוה ונמוך
כדי שיהיה זמין להספקה לצרכן;
""רשיון ייצור"" ­ רשיון לייצור חשמל;
""רשיון ספק שירות חיוני"" ­ רשיון להולכה או לחלוקה של חשמל;
""רשת חשמל"" ­ מיתקנים ומערכות להולכה והשנאה לחלוקה, לאספקה ולמניה של חשמל,
במתח כלשהו, לרבות עמודי חשמל ומוליכים תת­קרקעיים או עיליים וכן צנרת
המשמשת להולכת מוליכים תת­קרקעיים או עיליים וציוד ואבזרים המותקנים עליהם
או המחוברים אליהם, לרבות תילי חשמל וכן תחנות השנאה, ארגזי חלוקת חשמ
לסוגיהם וכל החיבורים אליהם, וחיבורים עיליים ותת קרקעיים לבתים ולמיתקני עריכה
אחרים;
""שותפות"" ­ שותפות שנרשמה לפי פקודת השותפויות [נוסח חדש], התשל""ה1975­ 12;
""תחנת כוח"" ­ מיתקן המשמש לייצור חשמל בהספק העולה על 5 מגוואט, לרבות בל
המבנים, המכונות, המצברים, המוליכים, מיתקני ההשנאה, מיתקני הקירור ומערכות,
המשמשים למטרה זו;
""תחנת משנה"" ­ תחנת השנאה, שיש בה שנאים מורידי מתח או מעלי מתח, המקשרת בין
רשתות חשמל לסוגיהן;
""תעריף"" ­ מערבת תשלומים שמשלם צרכן לספק שירות חיוני","בחוק זה ­
""אזרח ישראלי"" ­ כמשמעותו בחוק האזרחות, התשי""ב1951­ 1;
""אמצעי שליטה"" ­ כל אחד מאלה:
(ו) זכות הצבעה באסיפה כללית של חברה או גוף מקביל של תאגיד אחר;
(2) זכות למנות דירקטורים או מנהל כללי של חברה, ובתאגיד שאינו חברה ­ בעלי
תפקידים דומים;
(3) זכות להשתתף ברווחי תאגיד;
(4) זכות לחלק ביתרת נכסי תאגיד, לאחר סילוק חובותיו בעת פירוקו;
""בעל עניך, ""בן משפחה"", ""החזקה"", ""שליטה"" ­ כמשמעותם בחוק ניירות ערך,
התשכ""ח968­ו2;
""בעל מקרקעין"" ­ לרבות המחזיק במקרקעין;
""בעל רשיון"" ­ מי שקיבל רשיון לפי חוק זה;
""המנהל"" ­ מנהל מינהל החשמל במשרד האנרגיה והתשתית שמונה לפי סעיף 57 לחוק;
""הרשות"" ­ רשות לשירותים ציבוריים ­ חשמל, שהוקמה לפי סעיף 21;
""חברה"" ­ חברה שנרשמה בישראל לפי בפקודת החברות [נוסח חדש], התשמ""ג1983­ 3;
""חוק התכנון"" ­ חוק התכנון והבניה, התשכ""ה965­ו4;
""יושב ראש הרשות"" ­ מי שמונה כיושב ראש הרשות לפי סעיף 22(ב);
""יצרן חשמל"" ­ בעל רשיון או רשיונות ייצור, אשר השר קבע לגביו שהוא מרכז בידיו חלק
מהותי מהייצור במשק החשמל, לפי הוראות סעיף 18(ב);
""יצרן חשמל פרטי"" ­ בעל רשיון או רשיונות ייצור, אשר השר לא קבע לגביו, לפי הוראות
סעיף 18(ב);
""מוסד תכנון"" ­ כמשמעותו בחוק התכנון;
""מחזיק אמצעי שליטה"" ­ מי שמחזיק בעצמו או ביחד עם בן משפחתו או עם אחרים
הפועלים עמו דרך קבע, יותר מ%­ 10 מסוג מסויים של אמצעי שליטה;
""מיתקן חשמל"" ­ מיתקן המשמש להולכה, הספקה, חלוקה, מכירה, מסירה, צבירה, שינוי או
השנאה של חשמל, לרבות מבנים, מכונות, מכשירים, מצברים, מוליכים, עמודים, אבזרים
וציוד חשמלי קבוע או מיטלטל, הקשורים במיתקן, לרבות מיתקן המשמש לייצור חשמל
בהספק שאינו עולה על 5 מגוואט;
מקרקעין ציבוריים"" ­ מקרקעי ישראל כמשמעותם בדווק­יסוד מקרקעי ישראל5 או
מקרקעין בבעלות רשות מקומית או בבעלות תאגיד שהוקם על פי חוק ושדחזקה בהם
היא בידי אחד מהם
מקרקעין פרטיים ­ מקרקעין שאינם ציבוריים
נושא משרה ­ כהגדרתו בפרק דו לפקודת החברות [נוסח חדש] התשמ ג983­ו
פעילות ­ כל אחד מאלה ייצור דולכה חלוקה הספקה או סחר בחשמל
פקודת זכיונות דחשמל ­ פקודת זכיונות החשמל6 כפי שתוקנד בחוק התוספות לזכיונות
החשמל (תשלומים בעד חיבור למערכת החשמל)התשכ""ד1963­ .7 חוק התוספת לזכיון
החשמל (תיקון הזכירן) התש ל1970­ ,8 חרק לתיקרן פקרדת זכירנות החשמל (מס 3)
התשנ ר994­ו9 ובתוספת לחוק הספקת חשמל (הוראות מיוחדות) התשמ ח1987­ 10;
צרכן ­ מי שרוכש חשמל ראינר בעל רשירן ספק שירות חירני
רשירן אחר ­ רשיון לפי חוק זה שאינו רשיון ספק שירות חיוני או רשיון ייצור
רשיון הולכה"" ­ רשיון להעברת חשמל ממקור ייצור במתח עליון ועל­עליון אל תחנת
משנה
רשיון הספקה רשיון חלוקה ­ רשיון לדעברת חשמל מתחנת משנה אל צרכן דרך קורי
מתח גבוה ונמוך
רשיון ייצור ­ רשיון לייצר חשמל
רשיון ייצרר עצמי ­ רשירן ליצר חשמל לשימרש עצמי בלי למוכרו לאחר למעט מכירה לפי
הוראות סעיף 20(ג)
רשיון ספק שירות חיוני ­ רשיון לדולכה או לחלוקה של חשמל
רשת חשמל ­ מיתקנים ומערכות להולכה להספקה להשנאה לחלוקה למכירה ולמניה
של חשמל במתח כלשהר לרברת עמרדי חשמל רמרליכים תת­קרקעיים אר עיליים צנרת
המשמשת להולכת מוליכים תת­קרקעיים או עיליים וכן אבזרים וציוד המיתקנים
עליהם אר המחוברים אליהם תילי חשמל תחנות השנאה ארגזי חלרקת חשמל
לסרגיהם רכל החיבררים אליהם רכן חיבררים עיליים רתת קרקעיים לבתים רלמיתקני
צריכה אחרים
שרתפרת ­ שרתפרת שנרשמה לפי פקרדת השרתפרירת [ניסח חדש] התשל ה1975­ 11;
שירותי גיברי ­ הסדר חלוף להספקת חשמל מבעל רשירן ספק שירית חיוני למי שמקבל
חשמל מאחר
שירותי תשתית ­ מתן אפשרות לבעל רשירן להשתמש ברשת חשמל שאין לו בה זכויות
לצררך הולכה וחלוקה של חשמל לאחר
תחנת כוח ­ מיתקן המשמש לייצור חשמל בהספק העולה על 5 מגוואט לרבות המבנים
המכונות המצברים המוליכים מיתקני ההשנאה מיתקני הקיררר והמערכות,
המשמשים למטרה זו
תחנת משנה ­ תחנת השנאה המקשרת בין רשתות חשמל לסוגיהן שיש בה שנאים
מורידי מתח או מעלי מתח
""תעריפים"" ­ כל סוגי התשלומים שמשלם צרכן, יצרן חשמל פרטי או בעל רשיון ייצור עצמי
לבעל רשיון ספק שירות חיוני, לרבות תשלומים עבור מתן שירותי תשתית ושירותי
גיבוי;
""השר"" ­ שר האנרגיה והתשתית;
""השרים"" ­ השר ושר האוצר.","מה השתנה: הוסר “מנהל הרשות” מההגדרות, ובמקומו נוסף “יושב ראש הרשות”; מה המשמעות: משנה את הכותרת והמינוי של העמדה הבכירה ברשות ומעצב מחדש את מבנה המנהל.",מה השתנה: נוסף “בעל מקרקעין” כהגדרה חדשה (לרבות המחזיק במקרקעין); מה המשמעות: מרחיב את מעגל בעלי הזכויות במקרקעין שעליהם חל החוק.,מה השתנה: נוסף “רשיון ייצור עצמי” והוגדרו “שירותי תשתית” ו“שירותי גיבוי”; מה המשמעות: מוסיף קטגוריות רגולטוריות חדשות של רשיונות ושירותים שדורשים פיקוח ספציפי.
רישוי - איסור פעולות,"2 (א) לא ייצר, לא יוליך, לא יחלק, לא יספק ולא ימכור אדם חשמל ולא יסחר בחשמל
ללא רשיון, לפי חוק זה
(ב) הוראות סעיף קטן (א) לא יחולו על מי שמייצר חשמל בהספק שאינו עולה על 5
מגוואט ואינו מוכרו לאחר","(א) לא יעשה אדם פעילות אלא על פי רשיון מאת השר לפי חוק זה.
(ב) הוראות סעיף קטן (א) לא יחולו על אדם המייצר חשמל בהספק שאינו עולה על
5 מגוואט ואינו מוכרו לאחר.
(ג) ניתן רשיון, יפעל בעל הרשיון בהתאם לתנאי רשיונו","מה השתנה: בסעיף (א) הוסר הפירוט של פעולות (“ייצר, יוליך, יחלק, יספק, ימכור, יסחר”) ובמקומו שימוש במונח כללי “פעילות”; מה המשמעות: עשוי להרחיב את שיקול הדעת לפרש אילו פעילויות נכללות ואיזו פעילות מחייבת רישיון, ולייצר חוסר ודאות פרשני. (הוא כנראה טועה וצדריך לבדוק את הרישיון) ",,
רישוי - מתן רישיון,"3 (א) השר רשאי ליתן רשיון לייצור, להולכה, לחלוקה, להספקה, למכירה או לסחר
בחשמל (כל אחת מאלה, להלן ­ פעילות), לקבוע ברשיון תנאים ולהגביל את תקופת תוקפו
[או שלא להגביל את תקופת תוקפו]
(ב) השר יתן רשיון לפעילות אחת, למקום או לאזור מוגדר, והוא רשאי לתת לאדם
יותר מרשיון אחד.
(ג) הודעה על מתן רשיון תפורסם ברשומות","4 (א) השר רשאי לתת רשיון לפעילות, לקבוע בו תנאים וכן להגביל או שלא להגביל
את תקופת תוקפו.
(ב) רשיון יינתן לפעילות אחת, למקום או לאזור מוגדר, יכול שיינתן לאדם יותר
מרשיון אחד, ויכול שיינתנו ביחס לתחנת כוח אחת רשיונות ייצור מסוגים שונים.
(ג) הודעה על מתן רשיון תפורסם ברשומות","מה השתנה: בסעיף (א) הוסר הפירוט של סוגי הפעילויות (“לייצור, להולכה, לחלוקה, להספקה, למכירה או לסחר”) ובמקומו נוספה הנוסחה הכללית “רשאי לתת רישיון לפעילות”; מה המשמעות: מרחיב ומטשטש את היקף הפעולות המצופות לרישיון, ומעניק לשר שיקול דעת רחב יותר בפרשנות ההגדרה","מה השתנה: בסעיף (ב) נוסף שכתוב “ויכול שיינתנו ביחס לתחנת כוח אחת רשיונות ייצור מסוגים שונים”; מה המשמעות: מאפשר במפורש מתן מספר רשיונות ייצור שונים לאותה תחנת כוח, דבר המגדיר ומרחיב את אפשרויות הרישוי בסקטור הייצור",
רישוי - הוראות רישיון,".4 (א) רשיון יכלול בין השאר, הוראות בדבר ­
(1) הפעילות שלגביה ניתן הרשיון;
(2) תקופת תוקפו של הרשיון, אם הוגבלה התקופה;
(3) המקום או האזור שלגביהם ניתן הרשיון;
(4) ציון סוג הרשיון ­ רשיון ייצור, רשיון ספק שירות חיוני או רשיון אחר;
(5) כללים וחובות שנקבעו לפי חוק זה.
(ב) רשיון ספק שירות חיוני, יכלול, בנוסף להוראות סעיף קטן (א), הוראות בדבר
חובת רכישת חשמל מיצרן חשמל פרטי ויבול שיכלול הוראות בדבר חובת רכישה גם מיצרן
חשמל.","5 (א) רשיון יכלול, בין היתר, את הפעילות שלגביה ניתן, תקופת תוקפו אם הוגבלה
התקופה, המקום או האזור שלגביהם הוא ניתן, וכן הכללים והחובות החלים על בעל
הרשיון לפי חוק זה.
(ב) רשיון ספק שירות חיוני, יכלול, בנוסף להוראות סעיף קטן (א), הוראות בדבר
חובת רכישת חשמל מיצרן חשמל פרטי וכן הוראות בדבר חובת מתן שירותי תשתית
ושירותי גיבוי","מה השתנה: בסעיף (ב) הורחבו ההוראות מ‑“חובת רכישת חשמל מיצרן חשמל פרטי” ל‑“חובת רכישת חשמל מיצרן חשמל פרטי וכן הוראות בדבר חובת מתן שירותי תשתית ושירותי גיבוי”; מה המשמעות: מוסיף חובה חדשה למתן שירותי תשתית וגיבוי, מה שמרחיב את אחריות בעל הרישיון מעבר לרכישה בלבד.",,
רישיון - סייגים למתן רישיון,"5 (א) השר לא יתן רשיון לפי חוק זה, אלא ליחיד שהוא אזרח ישראלי, לחברה או
לשותפות; רשיון ספק שירות חיוני יינתן לחברה בלבד.
(ב) השר לא יתן רשיון לפי חוק זה, ליחיד שהוכרז פושט רגל, זולת אם הופטר,
ולתאגיד אם מונה לו כונס נכסים או מפרק, או שהחליט על פירוק מרצון.
(ג) השר לא יתן רשיון לפי חוק זה, למי שהורשע בעבירה שיש עמה לדעת היועץ
המשפטי לממשלה, קלון; השר לא יתן רשיון לחברה, גם אם נושא משרה או בעל שליטה בה
הורשע באמור וגם לא לשותפות, אם אחד מהשותפים בה הורשע באמור.
(ד) השר לא יתן רשיון ספק שירות חיוני לפי חוק זה אלא לחברה שהתחייבה כי
עיסוקה ייוחד לפעילויות, בהתאם להוראות הכלולות ברשיונות שהשר נותן לפי חוק זה,
ולפעילויות נילוות לפעילויות אלה; על אף האמור בסעיף קטן זה, יהיו השרים רשאים לאשר
לבעל רשיון ספק שירות חיוני עיסוק בפעילויות אחרות, אם שוכנעו כי אין בעיסוק זה כדי
לפגוע בפעולותיו של בעל רשיון ספק השירות החיוני, בהתאם להוראות הכלולות ב","6 . (א) רשיון לפי חוק זה, למעט רשיון ספק שירות חיוני, יינתן ליחיד שהוא אזרח
ישראלי, לחברה או לשותפות,­ רשיון ספק שירות חיוני יינתן לחברה בלבד.
(ב) השר לא יתן רשיון לפי חוק זה ­
(1) ליחיד שהוכרז פושט רגל, זולת אם הופטר, ולתאגיד אם מונה לו כונס
נכסים או מפרק, או שהחליט על פירוק מרצון;
(2) ליחיד שהורשע בעבירה שיש עמה, לדעת היועץ המשפטי לממשלה, קלון,
לחברה, גם אם נושא משרה או בעל שליטה בה הורשע באמור, ולשותפות, גם
אם אחד מהשותפים בה הורשע כאמור.
(ג) השר לא יתן רשיון ספק שירות חיוני אלא לחברה שהתחייבה כי היא תעסוק רק
בפעילויות, לפי הרשיונות שניתנו לה לפי חוק זה ובפעולות נילוות להן.
(ד) על אף הוראות סעיף קטן (ג) בעל רשיון ספק שירות חיוני רשאי לעסוק בפעולות
אחרות שאישרו לו השרים שאין בעיסוק",אין הבדל מהותי בין הגרסאות.,,
רישוי - תקנות לעניין רישיון,"(א) השר רשאי לקבוע ­
(1) אמות מידה ותנאים למתן הרשיון;
(2) כללים להפעלת הרשיון, חובות שיחולו על בעל הרשיון, לרבות לענין מתן
ערבויות וביטוח;
(3) נהלים להגשת בקשה לרשיון;
(4) דרכי בחירה בין מבקשי רשיון מסוג מסוים, אם הוגבל מספרם בהתאם
לשיקול הדעת של השר לפי סעיף .6
(ב) השר יתחשב, בין השאר, בסוג הרשיון ולענין ייצור, גם בהספק הייצור שלגביו
הוא נתן את הרשיון.",". (א) השר, בהתייעצות עם הרשות, רשאי לקבוע ­
(ו) תנאים למתן רשיון;
(2) דרכי בחירה בין מבקשי רשיון, לפעילות מסוימת במקום או באזור מסוים,
אם הוגבל מספרם של אלה, בהתאם לשיקול הדעת של השר לפי סעיף 8;
(3) נהלים להגשת בקשה לרשיון;
(4) כללים להפעלת רשיון, החובות שיחולו על בעל הרשיון, לרבות למתן
ערבויות וביטוח.
(ב) תקנות לפי סעיף קטן (א) יותקנו, בין היתר, גם בהתחשב בסוג הרשיון, בפעילות,
בבמקום או באזור, ולענין ייצור ­ גם בהספק הייצור.",מה השתנה: בסעיף (א)(1) המקורי נכתב “אמות מידה ותנאים למתן הרשיון” ובגרסה המעודכנת נכתב “תנאים למתן רישיון”; מה המשמעות: מצמצם במפורש את הקריטריונים ומסיר את המונח “אמות מידה” שעלול היה לשמש כמדד ברור,"מה השתנה: בסעיף (ב) המקורי נכתב “השר יתחשב, בין השאר, בסוג הרשיון ולעניין ייצור, גם בהספק הייצור שלגביו הוא נתן את הרשיון” ובגרסה המעודכנת נכתב “תקנות לפי סעיף קטן (א) יותקנו, בין היתר, גם בהתחשב בסוג הרשיון, בפעילות, במקום או באזור, ולעניין ייצור – גם בהספק הייצור”; מה המשמעות: ממסד את הקריטריונים בתקנות עצמן במקום להשאירם בשיקול דעת השר, ומרחיב אותם לכלול את ההקשר הגיאוגרפי והתפעולי.",
"הגבלת רשיון, התלייתו, ביטולו או שינויו","(א) השר רשאי להגביל רשיון, להתלותו, לבטלו או לשנות כללים וחובות בו או
להוסיף עליהם, אם נוכח שנתקיים סייג מן הסייגים לקבלתו או שהופר תנאי מתנאי
הרשיון.
(ב) השר רשאי להגביל רשיון, להתלותו, לבטלו או לשנות כללים וחובות בו או
להוסיף עליהם, שלא מאחת הסיבות המנויות בסעיף קטן (א), משיקולים של מדיניות
הממשלה בתחום מבנה משק החשמל, טובת ציבור הצרכנים ורמת השירות לציבור.
(ג) השר לא יעשה שימוש בסמכויותיו לפי סעיפים קטנים (א) או (ב), אלא אם כן
נתן לבעל הרשיון הזדמנות להשמיע את טענותיו בפני השר.
(ד) השרים יהיו רשאים לקבוע כללים למתן פיצוי בשל פעולות לפי סעיף קטן (ב)
ויכול שעל פי כללים כאמור, יהיה שיעור הפיצוי אפס.","(א) השר רשאי בכל עת לבטל רשיון או להתלותו וכן להוסיף בו תנאים, כללים
וחובות או לשנותם, אם מצא שהופר תנאי מתנאי הרשיון, שנתקיים סייג מן הסייגים
לקבלתו או שחדלה להתקיים הכשירות הנדרשת לפי חוק זה.
(ב) השר רשאי לפעול כאמור בסעיף קטן (א) גם שלא מאחת הסיבות המנויות בו,
מהשיקולים המנויים בסעיף .8
(ג) השר לא יעשה שימוש בסמכויותיו לפי סעיפים קטנים (א) ו­(ב) אלא אם כן נתן
לבעל הרשיון הזדמנות להשמיע טענותיו.
(ד) השרים רשאים לקבוע כללים למתן פיצוי בשל פעולות לפי סעיף קטן (ב) ויכול
שעל פי כללים כאמור, יהיה שיעור הפיצוי אפס.","בסעיף (א) לפני נכתב “השר רשאי להגביל רשיון, להתלותו, לבטלו או לשנות כללים וחובות בו או להוסיף עליהם, אם נוכח שנתקיים סייג מן הסייגים לקבלתו או שהופר תנאי מתנאי הרשיון,” וכעת נכתב “השר רשאי בכל עת לבטל רשיון או להתלותו וכן להוסיף בו תנאים, כללים וחובות או לשנותם, אם מצא שהופר תנאי מתנאי הרשיון, שנתקיים סייג מן הסייגים לקבלתו או שחדלה להתקיים הכשירות הנדרשת לפי חוק זה,” מה שמרחיב את סמכות השר לפעול באופן מיידי (“בכל עת”) ומוסיף קריטריון חדש של איבוד כשירות לצד הסייגים הקיימים","בסעיף ב לפני: “השר רשאי להגביל רשיון, להתלותו, לבטלו או לשנות כללים וחובות בו או להוסיף עליהם, שלא מאחת הסיבות המנויות בסעיף קטן (א), משיקולים של מדיניות הממשלה בתחום מבנה משק החשמל, טובת ציבור הצרכנים ורמת  השירות לציבור.” ואילו אחרי: “השר רשאי לפעול כאמור בסעיף קטן (א) גם שלא מאחת הסיבות המנויות בו, מהשיקולים המנויים בסעיף 8.” מה המשמעות: הוסר פירוט השיקולים (מדיניות הממשלה, טובת הצרכנים, רמת השירות) והוחלף בהפניה כללית לסעיף 8, דבר שמצמצם את השקיפות והבהירות בנוגע לקריטריונים למתן שיקול דעת.",
רישוי - ביצוע על ידי המנהל,"9 (א) לא קיים בעל רשיון הוראה מהוראות חוק זה, או התקנות לפיו, או תנאי מתנאי
הרשיון והמנהל שוכנע כי אי קיום ההוראה או התנאי מהווה סכנה ממשית ומיידית לאדם
או לרכוש, רשאי הוא לבצע את הפעולה הנדרשת (להלן ­ הפעולה) במקום בעל הרשיון או
להעביר ביצועה לאחר ולגבות מבעל הרשיון את כל ההוצאות שהוציא לשם כך; על גביית
ההוצאות כאמור תחול פקודת המסים (גביה)/5 באילו היו ההוצאות מס כהגדרתו באותה
פקודה.
(ב) המנהל לא יפעל כאמור בסעיף קטן (א), אלא לאחר שנתן הודעה לבעל הרשיון,
שבה הוא נדרש לבצע את הפעולה, תוך זמן שנקבע בהודעה, ובעל הרישיון ן לא ביצע את
הפעולה כנדרש, ובלבד שבנסיבות הענין היתה שהות למתן הודעה","10 . (א) לא קיים בעל רשיון הוראה לפי חוק זה, או הוראה שברשיון, והמנהל שוכנע כי
אי קיום ההוראה מהווה סכנה ממשית ומיידית לאדם או לרכוש, רשאי הוא לבצע את כל
הדרוש לשם מניעת הסכנה האמורה במקום בעל הרשיון או למנות אדם שיופקד על הביצוע
(להלן ­ הממונה), ולגבות מבעל הרשיון את כל ההוצאות שהוציא לשם כך; על גביית
ההוצאות כאמור תחול פקודת המסים (גביה),12 כאילו היו ההוצאות מס כהגדרתו באותה
פקודה.
(ב) המנהל לא יפעל כאמור בסעיף קטן (א), אלא לאחר שדרש בכתב מבעל הרשיון
לבצע את כל הדרוש למניעת הסכנה, תוך זמן שנקבע בהודעה, ובעל הרשיון לא ביצע את
הנדרש, ובלבד שבנסיבות הענין היתה שהות למתן הדרישה.
(ג) במילוי תפקידיו לפי סעיף זה, יפעל הממונה לפי הוראות המנהל ויהיו לו כל
הסמכויות הדרושות לשם כך","בסעיף (א) לפני נכתב “רשאי הוא לבצע את הפעולה במקום בעל הרשיון או להעביר ביצועה לאחר” וכעת נכתב “רשאי הוא לבצע את כל הדרוש לשם מניעת הסכנה במקום בעל הרשיון או למנות אדם שיופקד על הביצוע (להלן – הממונה)”; משמעות: מרחיב את סמכות המנהל לא רק לבצע בעצמו אלא גם למנות ממונה, ובכך מוסיף גמישות אכיפה.","נוסף סעיף (ג) חדש, אשר לא היה קיים קודם: “במילוי תפקידיו לפי סעיף זה, יפעל הממונה לפי הוראות המנהל ויהיו לו כל הסמכויות הדרושות לשם כך”; משמעות: מעגן בחקיקה את מעמד הממונה, מבהיר את יחסי הפיקוח בינו לבין המנהל ומעניק לו סמכויות ברורות לביצוע",
"רישוי - הגבלות על העברת רשיון, שיעבוד, עיקול או שינוי מבנה בבעל רשיון","0 ו. (א) רשיון או זכות מן הזכויות על­פיו אינם ניתנים להעברה, במישרין או בעקיפין,
לשיעבוד או לעיקול, אלא באישור השר.
(ב) השר רשאי לקבוע ברשיון, כי נכסים מסויימים של בעל הרשיון, הדרושים לדעת
השר לביצוע הפעילות לפי הוראות הרשיון, אינם ניתנים להעברה, במישרין או בעקיפין,
לשיעבוד או לעיקול, אלא באישור השר.
(ג) ערבויות שהמציא בעל רשיון לפי סעיף 7(2), וכספים שנתקבלו ממימושן, אינם
ניתנים לעיקול או לשיעבוד.
(ד) השר רשאי לקבוע ברשיון, בי שינוי או ארגון מחדש בו לרבות מיזוג פיצול פשרה הסדר או פירוק מרצון טעונים אישור השר","11 (א) רשיון או כל חלק ממנו אינם ניתנים להעברה, לשיעבוד או לעיקול, במישרין או
בעקיפין, אלא באישור השר.
(ב) השר רשאי לקבוע ברשיון, כי נכסים מסוימים של בעל הרשיון, הדרושים לדעת
השר לביצוע הפעילות לפי הוראות הרשיון, אינם ניתנים להעברה, לשיעבוד או לעיקול,
במישרין או בעקיפין, אלא באישור השר.
(ג) ערבויות שהמציא בעל הרשיון, וכספים שנתקבלו ממימושן, אינם ניתנים
לעיקול או לשיעבוד.
(ד) השר רשאי לקבוע ברשיון כי שינוי או ארגון מחדש בבעל רשיון לרבות מיזוג,
פיצול, פשרה, הסדר או פירוק מרצון, טעונים אישור השר","בסעיף (א) לפני נכתב “רשיון או זכות מן הזכויות עליו אינם ניתנים להעברה, במישרין או בעקיפין, לשיעבוד או לעיקול, אלא באישור השר,” וכעת נכתב “רשיון או כל חלק ממנו אינם ניתנים להעברה, לשיעבוד או לעיקול, במישרין או בעקיפין, אלא באישור השר,” מה שמוסיף במפורש שגם חלק מהרישיון כפוף לאותה הגבלה ומחדד את הטווח עליו חלים האיסורים.","בסעיף (ג) לפני נכתב “ערבויות שהמציא בעל רשיון לפי סעיף 7(2), וכספים שנתקבלו ממימושן, אינם ניתנים לעיקול או לשיעבוד,” וכעת נכתב “ערבויות שהמציא בעל הרשיון, וכספים שנתקבלו ממימושן, אינם ניתנים לעיקול או לשיעבוד,” מה שמסיר את ההפניה לסעיף 7(2) ומכליל את האיסור ללא התניה פרוצדורלית.","בסעיף (ד) לפני נכתב “השר רשאי לקבוע ברשיון, בי שינוי או ארגון מחדש בו לרבות מיזוג פיצול פשרה הסדר או פירוק מרצון טעונים אישור השר,” וכעת נכתב “השר רשאי לקבוע ברשיון כי שינוי או ארגון מחדש בבעל רשיון, לרבות מיזוג, פיצול, פשרה, הסדר או פירוק מרצון, טעונים אישור השר,” מה שמתקן את הניסוח ומבהיר שהאישור נדרש גם לצורות ארגון מגוונות של בעל הרישיון."
רישוי - העברת שליטה,"11 . (א) לא תועבר שליטה, במישרין או בעקיפין, ולא ירכוש אדם שליטה, במישרין או
בעקיפין, בבעל רשיון, אלא באישור השר.
(ב) שותף לא יעביר את זכויותיו בשותפות, שהיא בעל רשיון, אלא באישור
השר.
(ג) השר רשאי לאשר העברת שליטה או העברת זכויות שותף, ובלבד שנתקיימו
במקבל ההעברה התנאים הנדרשים למתן הרשיון לפי הענין, ולא נתקיימו בו הסייגים למתן
הרשיון.
(ד) השר רשאי לקבוע תנאים, הוראות והגבלות לבעל רשיון וכן דרכי פיקוח וחובות
דיווח על פעולות הדרושות לדעתו להבטחת אכיפתן של מגבלות השליטה וההחזקה וכן
לאכיפתן של הוראות אחרות של סעיפים 10 עד 14 ובכלל זה הוראות לענין ניהול ורישום
מיוחד של המחזיקים בניירות ערך שלו וכן הגבלות על השימוש באמצעי שליטה ובזכויות
הצמודות לה","12 . (א) לא יעביר ולא ירכוש אדם שליטה בבעל רשיון או זכויות בשותפות שהיא בעל
רשיון, במישרין או בעקיפין, אלא באישור השר.
(ב) השר רשאי לאשר העברת שליטה או העברת זכויות בשותפות, ובלבד
שנתקיימו במקבל ההעברה התנאים הנדרשים למתן הרשיון לפי חוק זה.","בסעיף (ג) (עתה סעיף (ב)): לפני: “11. (ג) השר רשאי לאשר העברת שליטה או העברת זכויות שותף, ובלבד שנתקיימו במקבל ההעברה התנאים הנדרשים למתן הרשיון לפי הענין, ולא נתקיימו בו הסייגים למתן הרשיון.” אחרי: “12. (ב) השר רשאי לאשר העברת שליטה או העברת זכויות בשותפות, ובלבד שנתקיימו במקבל ההעברה התנאים הנדרשים למתן הרשיון לפי חוק זה.” משמעות: הסרת הדרישה “ולא נתקיימו בו הסייגים” והפשטת הקריטריונים עיקרית – מצמצום השיקולים לקבלת העברה למימוש תנאי הרישיון בלבד","סעיף (ד): לפני: “11. (ד) השר רשאי לקבוע תנאים, הוראות והגבלות לבעל רשיון וכן דרכי פיקוח וחובות דיווח … ובכלל זה הוראות לעניין ניהול ורישום מיוחד של המחזיקים בניירות ערך שלו וכן הגבלות על השימוש באמצעי שליטה ובזכויות הצמודות לה.” אחרי: הסעיף הוסר לחלוטין בגרסה החדשה. משמעות: הסרת סמכותה המפורטת של הממשלה לקבוע מנגנוני פיקוח ודיווח מפורטים – פגיעה ביכולת לפקח ולאכוף הגבלות שליטה.",
רישוי - החזקת אמצעי שליטה בספק שירות חיוני,"2 . (א) לא יחזיק אדם אמצעי שליטה בחברה של בעל רשיון ספק שירות חיוני, אלא
באישור השר.
(ב) בעל רשיון או מחזיק אמצעי שליטה בבעל רשיון, לא ירכוש ולא יחזיק אמצעי
שליטה בבעל רשיון נוסף, אלא באישור השר.","2 . (א) לא יחזיק אדם אמצעי שליטה בחברה של בעל רשיון ספק שירות חיוני, אלא
באישור השר.
(ב) בעל רשיון או מחזיק אמצעי שליטה בבעל רשיון, לא ירכוש ולא יחזיק אמצעי
שליטה בבעל רשיון נוסף, אלא באישור השר.",אין הבדל מהותי בין הגרסאות.,,
רישוי - הגבלות על ספק שירות חיוני,"3 . (א) השר, בהתייעצות עם שר האוצר ובאישור הממשלה, רשאי לקבוע בצו כי על
בעל רשיון ספק שירות חיוני, יחולו ההוראות הבאות, כולן או מקצתן:
(1) קביעה, שלפיה תובטח השליטה בבעל רשיון ספק השירות החיוני בידי אזרח
ישראלי ותושב ישראל, לרבות בדרך של קביעת שיעור מרבי של אמצעי שליטה
שיוחזקו, במישרין או בעקיפין, בידי מי שאינו אזרח או תושב כאמור;
(2) דרישה מטעמים של בטחון המדינה, כי נושאי משרה ובעלי תפקידים
מסוימים שיקבע בבעל רשיון ספק שירות חיוני, כולם או מקצתם, יהיו אזרחים
ישראלים ותושבים בה וכי אלה, כולם או מקצתם, יהיו בעלי סיווג בטחוני
מתאים.
(ב) השר לא יתן צו כאמור החל על בעל רשיון ספק שירות חיוני, אלא לאחר שנתן
לבעל רשיון ספק שירות חיוני, הזדמנות להשמיע טענותיו בפני השר.","14 . (א) השר, בהתייעצות עם שר האוצר ובאישור הממשלה, רשאי בכל עת לקבוע בצו
כי על בעל רשיון ספק שירות חיוני מסוים או דרך כלל, יחולו ההוראות הבאות, כולן או
מקצתן:
(ו) קביעה שלפיה תובטח השליטה בו בידי אזרח ישראלי ותושב ישראל,
לרבות קביעת שיעור מרבי של אמצעי שליטה שיוחזקו, במישרין או בעקיפין,
בידי מי שאינו אזרח או תושב כאמור;
(2) דרישה מטעמים של בטחון המדינה, כי נושאי משרה ובעלי תפקידים
מסוימים בו כפי שיקבע, כולם או מקצתם, יהיו אזרחי ישראל ותושביה, וכי
כולם או מקצתם יהיו בעלי סיווג בטחוני כפי שייקבע.
(ב) השר לא יתן צו כאמור בסעיף קטן (א), אלא לאחר שנתן למי שחל עליו הצו
הזדמנות להשמיע טענותיו.","בסעיף (א): לפני: “השר, בהתייעצות עם שר האוצר ובאישור הממשלה, רשאי לקבוע בצו כי על בעל רשיון ספק שירות חיוני, יחולו ההוראות הבאות, כולן או מקצתן:” אחרי: “השר, בהתייעצות עם שר האוצר ובאישור הממשלה, רשאי בכל עת לקבוע בצו כי על בעל רשיון ספק שירות חיוני מסוים או בדרך כלל, יחולו ההוראות הבאות, כולן או מקצתן:” משמעות: מוסיף סמכות רציפה (“בכל עת”) ומעניק גמישות בקביעת היקף הצווים — על רישיונות ספציפיים או על כלל בעלי הרשיון.","בסעיף (ב): לפני: “השר לא יתן צו כאמור החל על בעל רשיון ספק שירות חיוני, אלא לאחר שנתן לבעל רשיון ספק שירות חיוני, הזדמנות להשמיע טענותיו בפני השר.” אחרי: “השר לא יתן צו כאמור בסעיף קטן (א), אלא לאחר שנתן למי שחל עליו הצו הזדמנות להשמיע טענותיו.” משמעות: מרחיב את היישום לכל מי שהצו חל עליו (ולא רק “בעל רשיון ספק שירות חיוני”), ומנווט לניסוח כוללני יותר של הזכות לשימוע.",
רישוי - פעולות בניגוד להגבלות,"14 . (א) פעולה שנעשתה בניגוד להוראות סעיפים 10 עד 13 או בניגוד להוראות
שנקבעו לפיהם ­ בטלה.
(ב) מבלי לגרוע מהוראות סעיף קטן (א), לא יהיה אדם או מי מטעמו רשאי להפעיל
את זכויותיו כתוצאה מפעולה שנעשתה בניגוד להוראות סעיפים 10 עד ,13 אלא רק לשם
מכירתן של הזכויות או לשם קבלת דיבדנד","15 . (א) פעולה שנעשתה בניגוד להוראות סעיפים וו עד 4ו או בניגוד להוראות
שנקבעו לפיהם ­ בטלה.
(ב) מבלי לגרוע מהוראות סעיף קטן (א), אדם אינו רשאי לממש את זכויותיו
כתוצאה מפעולה שנעשתה בניגוד להוראות סעיפים11 עד ,14 במישרין או בעקיפין, למעט
מכירתן של הזכויות או השתתפות ברווחי תאגיד.
(ג) להבטחת אכיפתם של סעיפים11 ער 4ו וסעיף זה, וכן לצורכי פיקוח, רשאי השר
לקבוע תנאים, הוראות, הגבלות וחובות דיווח, לרבות הוראות לענין ניהול ורישום מיוחד
של המחזיקים בניירות ערך של בעל הרשיון, במישרין או בעקיפין.","בסעיף (ג): לפני: לא קיים. אחרי: “להבטחת אכיפתם של סעיפים 11 עד 14 וסעיף זה, וכן לצורכי פיקוח, רשאי השר לקבוע תנאים, הוראות, הגבלות וחובות דיווח, לרבות הוראות לעניין ניהול ורישום מיוחד של המחזיקים בניירות ערך של בעל הרישיון, במישרין או בעקיפין.” משמעות: הוסף לראשונה סמכות מפורשת לשר לקבוע מנגנוני פיקוח ודיווח, לחזק את אכיפת המגבלות ולהבטיח שקיפות וניהול מבוקר של המחזיקים באמצעי שליטה.",,
פרק ג' ­ בעל רשיון ספק שירות חיוני,פרק ג' ­ בעל רשיון ספק שירות חיוני,פרק ג' ­ בעל רשיון ספק שירות חיוני,,,
חובות בעל רישיון ספק שירות חיוני,"16 . (א) בעל רשיון ספק שירות חיוני יתן שירות לכלל הציבור באמינות, ביעילות וברמה
הדרושה, לפי תנאי רשיונו ולפי כל דין.
(ב) בעל רשיון ספק שירות חיוני ירכוש, בהתאם לתנאי רשיונו, חשמל מבעל רשיון
ייצור.
(ג) למרות הוראות סעיפים קטנים (א) ו­(ב), בעל רשיון ספק שירות חיוני יהיה רשאי
שלא לתת את השירות או שלא לבצע את הרכישה לפי רשיונו, להפסיקם, לעכבם או
להגבילם, אם לא שולמו לו התשלומים בעדם לפי כל דין או לא נתקיימו התנאים למתן
השירות או לביצוע הרכישה בדין, והבל בהתאם לקביעת השר בתקנות או ברשיון של אותו
בעל רשיון.
(ד) בעל רשיון ספק שירות חיוני יפעל להבטחת מתן מלוא שירותיו במשך כל
תקופת רשיונו, לרבות, לפי תבנית הפיתוח שתאושר לפי סעיף ,18 תוך עשיית הפעולות
הדרושות למילוי שירותיו כאמור.
(ה) בגביית תשלומים בהתאם לתעריפים שקבעה הרשות ובביצוע חובותיו על פי
סעיף קטן (א), יהיה בעל רשיון ספק שירות חיוני כפוף לפיקוח הרשות וימלא אחר
הוראותיה.
(ו) השרים רשאים, בהתייעצות עם שר המשפטים, לקבוע הוראות בדבר התוכן,
המידה, הפירוט והעקרונות החשבונאיים לעריכתם של דינים וחשבונות כספיים של בעל
רשיון ספק שירות חיוני לרבות ההצהרות והביאורים שיש לצרף אליהם.","7 . (א) בעל רשיון ספק שירות חיוני ­
(ו) יתן שירות לכלל הציבור באמינות וביעילות, בהתאם לאמות המידה
שקבעה הרשות, והכל לפי תנאי רשיונו ולפי כל דין;
(2) ירכוש חשמל מיצרן חשמל פרטי, ויתן שירותי תשתית ושירותי גיבוי, הכל
בהתאם לתנאי רשיונו ולפי כל דין;
(3) יתן שירותי גיבוי לבעל רשיון ייצור עצמי, לפי בקשתו, הכל בהתאם
לתנאי רשיונו ולפי כל דין;
(4) יפעל להבטחת מתן מלוא שירותיו במשך כל תקופת רשיונו, לרבות מתן
שירותים לפי תכנית הפיתוח שאושרה לפי סעיף ,19 תוך עשיית כל הפעולות
הדרושות למתן השירותים כאמור.
(ב) בעל רשיון ספק שירות חיוני יערוך דו""חות כספיים כפי שקבעו השרים,
בהתייעצות עם שר המשפטים לענין מידת הפירוט בהם, העקרונות החשבונאיים לעריכתם,
ההצהרות והביאורים שיצורפו אליהם.
(ג) בעל רשיון ספק שירות חיוני יגבה תשלומים בהתאם לתעריפים שקבעה
הרשות.
(ד) השר רשאי לקבוע כללים, תנאים ומקרים שבהם יהיה רשאי בעל רשיון ספק
שירות חיוני שלא לתת את השירות או שלא לבצע את הרכישה שבהם הוא חייב לפי חוק
זה, להפסיקם, לעכבם או להגבילם, אם לא שולמו לבעל הרשיון התשלומים בעדם לפי כל
דין או לא נתקיימו התנאים למתן השירות או לביצוע הרכישה כדין.","בסעיף (א): לפני: “בעל רשיון ספק שירות חיוני יתן שירות לכלל הציבור באמינות, ביעילות וברמה הדרושה, לפי תנאי רשיונו ולפי כל דין.” אחרי: “בעל רשיון ספק שירות חיוני יתן שירות לכלל הציבור באמינות וביעילות, בהתאם לאמות המידה שקבעה הרשות, והכל לפי תנאי רשיונו ולפי כל דין;” משמעות: הוסר הביטוי “ברמה הדרושה” והתווספה חובה לעמוד באמות מידה שהרשות קבעה, מה שמחדד ומשכלל את קריטריוני השירות.","בסעיף (ב): לפני: “בעל רשיון ספק שירות חיוני ירכוש, בהתאם לתנאי רשיונו, חשמל מבעל רשיון ייצור.” אחרי: “בעל רשיון ספק שירות חיוני ירכוש חשמל מיצרן חשמל פרטי, ויתן שירותי תשתית ושירותי גיבוי, הכל בהתאם לתנאי רשיונו ולפי כל דין;” משמעות: מרחיב את מקור הרכישה ממפיקים פרטיים ומוסיף חובה למתן שירותי תשתית וגיבוי, מעבר לפשוט רכישת חשמל.",
תחולת החוק על פעולות ספק שירות חיוני,"17 . (א) הוראות חוק זה, לענין בעל רשיון ספק שירות חיוני, יחולו על בעל רשיון ספק
שירות חיוני, בין אם הוא בעל רשיון לפעילות נוספת לפי חוק זה ובין אם לאו, והן יחולו על
כל הפעילויות שלגביהן הוא בעל רשיון.
(ב) השר רשאי, בהתאם למצב העובדתי במשק החשמל, לקבוע מעת לעת, כי בעל
רשיון או רשיונות ייצור, מרכז בידיו חלק מהותי מן הייצור במשק החשמל.
(ג) הוראות החוק זה, לענין בעל רשיון ספק שירות חיוני, למעט סעיף 16(ב), יחולו
על יצרן חשמל וכן על בעל רשיון שבידיו שליטה, במישרין או בעקיפין, ביצרן חשמל","8 . (א) הוראות חוק זה, לענין בעל רשיון ספק שירות חיוני, יחולו עליו בין אם הוא בעל
רשיון לפעילות נוספת לפי חוק זה ובין אם לאו, והן יחולו גם על כל הפעילויות הנוספות
כאמור, שלגביהן הוא בעל רשיון.
(ב) השר רשאי, בהתאם למצב העובדתי במשק החשמל, לקבוע מעת לעת, כי בעל
רשיון או רשיונות ייצור מרכז בידיו חלק מהותי מהייצור במשק החשמל, ומשקבע כאמור
יחולו עליו הוראות חוק זה לענין בעל רשיון ספק שירות חיוני.
(ג) על יצרן חשמל ועל בעל רשיון שבידיו שליטה, במישרין או בעקיפין, ביצרן חשמל,
יחולו הוראות חוק זה לענין בעל רשיון ספק שירות חיוני, למעט הוראות סעיף 17(א)(2).","בסעיף (א): לפני: “17. (א) הוראות חוק זה, לענין בעל רשיון ספק שירות חיוני, יחולו על בעל רשיון ספק שירות חיוני, בין אם הוא בעל רשיון לפעילות נוספת לפי חוק זה ובין אם לאו, והן יחולו על כל הפעילויות שלגביהן הוא בעל רשיון.” אחרי: “8. (א) הוראות חוק זה, לענין בעל רשיון ספק שירות חיוני, יחולו עליו בין אם הוא בעל רשיון לפעילות נוספת לפי חוק זה ובין אם לאו, והן יחולו גם על כל הפעילויות הנוספות כאמור, שלגביהן הוא בעל רישיון.” משמעות: נוספה המילה “גם” והתווספה ההבהרה “על כל הפעילויות הנוספות כאמור” כדי לדייק שההוראות חלות לא רק על הפעילויות המקוריות אלא גם על פעילויות נוספות שבבעל הרישיון.","בסעיף (ב): לפני: “17. (ב) השר רשאי, בהתאם למצב העובדתי במשק החשמל, לקבוע מעת לעת, כי בעל רשיון או רשיונות ייצור, מרכז בידיו חלק מהותי מן הייצור במשק החשמל.” אחרי: “8. (ב) השר רשאי, בהתאם למצב העובדתי במשק החשמל, לקבוע מעת לעת, כי בעל רשיון או רשיונות ייצור מרכז בידיו חלק מהותי מהייצור במשק החשמל, ומשקבע כאמור יחולו עליו הוראות חוק זה לענין בעל רשיון ספק שירות חיוני.” משמעות: נוסף החיבור “ומשקבע כאמור יחולו עליו הוראות חוק זה לענין בעל רשיון ספק שירות חיוני” כדי להבהיר שהכרזת מרכז ייצור מהותי מפעילה את כל הוראות חוק הספק שירות חיוני.",
תכנית פיתוח,"8 . (א) השר רשאי לדרוש מבעל רשיון ספק שירות חיוני, להגיש לאישורו תכנית
פיתוח שלמה או בחלקים, לצורך פעולותיו לפי הוראות הרשיון; בעל רשיון ספק שירות
חיוני, יגיש לשר את התכנית, באופן ובמועד שנדרשו.
(ב) אישר השר את התכנית, לא יפעל בעל רשיון ספק שירות חיוני אלא בהתאם
לתכנית שאושרה.
(ג) לא הגיש בעל רשיון ספק שירות חיוני תבנית פיתוח לפי סעיף קטן (א), רשאי
השר לקבוע לו תכנית פיתוח ויחולו על תכנית כאמור הוראות סעיף קטן (ב).","9 . (א) השר רשאי לדרוש מבעל רשיון ספק שירות חיוני להגיש לאישורו, באופן
ובמועד שיידרש, תכנית פיתוח, שלמה או בחלקים, לצורך פעילויותיו לפי הוראות הרשיון,­
אישר השר את התכנית, לא יפעל בעל רשיון ספק שירות חיוני אלא בהתאם לתכנית
שאושרה.
(ב) לא הגיש בעל רשיון ספק שירות חיוני תכנית פיתוח לפי סעיף קטן (א), רשאי
השר לקבוע לו תכנית פיתוח ויהא על בעל הרשיון לפעול לפיה",ללא שינוי,,
עסקאות בעל רשיון ספק חיוני או שירות לאחר,אין תוכן בנושא,"0 (א) על פי בקשתו של יצרן חשמל פרטי, יקבע השר ברשיונו כי הוא רשאי למכור
חשמל לבעל רשיון ספק שירות חיוני או למוכרו לאחר.
(ב) עסקאות עם בעל רשיון ספק שירות חיוני כאמור בסעיף 17(א)(2)ו­(3) ובסעיף
קטן (א), ייערכו בהתאם לכללים שקבע השר, בהתייעצות עם הרשות, ובהם עקרונות
לקביעת כמויות חשמל, מועדי רכישה ומועדי שינויים, לפי הענין.
(ג) בעל רשיון ייצור עצמי רשאי למכור חשמל, כפי שיוסכם בין הצדדים, בהתקיים
אחד מאלה:
(1) המכירה היא לבעל רשיון ספק שירות חיוני;
(2) המכירה היא לתאגיד הנמנה עם תשלובת חברות שעמה נמנה בעל
הרשיון ולשם כך אין צורך להוליך חשמל דרך מקרקעין שאין בהם זכויות למי
שאינו נמנה עם אותה תשלובת,­
לענין זה ""תשלובת"" ­ כמשמעותה בחוק ניירות ערך, התשכ""ח.","בסעיף (א): לפני: “אין תוכן בנושא.” אחרי: “0 (א) על פי בקשתו של יצרן חשמל פרטי, יקבע השר ברשיונו כי הוא רשאי למכור חשמל לבעל רשיון ספק שירות חיוני או למוכרו לאחר.” משמעות: מוסיף סמכות מפורשת בידי השר להסדיר ברישיון יצרן פרטי את זכות המכירה הישירה לספק שירות חיוני או לגורם חיצוני, ומרחיב את היתכנות השיווק בשוק החשמל.","בסעיף (ב): לפני: “אין תוכן בנושא.” אחרי: “0 (ב) עסקאות עם בעל רשיון ספק שירות חיוני כאמור בסעיף 17(א)(2) ו‑(3) ובסעיף קטן (א), ייערכו בהתאם לכללים שקבע השר, בהתייעצות עם הרשות, ובהם עקרונות לקביעת כמויות חשמל, מועדי רכישה ומועדי שינויים, לפי הענין.” משמעות: קובע מנגנון רגולטורי חדש לפיקוח על עסקאות עם ספקי שירות חיוני, המחייב עמידה בכללים שיקבע השר בהתייעצות עם הרשות, לרבות קריטריונים לכמויות ומועדים.","בסעיף (ג): לפני: “אין תוכן בנושא.” אחרי: “0 (ג) בעל רשיון ייצור עצמי רשאי למכור חשמל, כפי שיוסכם בין הצדדים, בהתקיים אחד מאלה: (1) המכירה היא לבעל רשיון ספק שירות חיוני; (2) המכירה היא לתאגיד הנמנה עם תשלובת חברות שעמה נמנה בעל הרשיון ולשם כך אין צורך להוליך חשמל דרך מקרקעין שאין בהם זכויות למי שאינו נמנה עם אותה תשלובת, לענין זה ‘תשלובת’ – כמשמעותה בחוק ניירות ערך, התשכ""ח.” משמעות: מקנה לבעל רישיון ייצור עצמי זכות למכור חשמל תחת תנאים מוגדרים של קהל יעד ותוואי הולכה, ומחדד את מסלולי המסחר העצמי."
פרק ד' - בעל רישיון ייצור,פרק ד' - בעל רישיון ייצור,פרק ד' - בעל רישיון ייצור,ללא שינוי,,
הרשות לשירותיים צבוריים - חשמל,הרשות לשירותיים צבוריים - חשמל,הרשות לשירותיים צבוריים - חשמל,ללא שינוי,,
תפקידי הרשות,"תפקידי הרשות .21 ואלה תפקידי הרשות:
(1) קביעת תעריפי חשמל, לרבות תעריפים למתן שירותי תשתית ברשת
חשמל;
(2) קביעת אמות מידה לרמה, לטיב ולאיכות השירות שבעל רשיון ספק שירות
חיוני נותן, ופיקוח אחר מילוי חובותיו על פי אמות מידה אלה.","ואלה תפקידי הרשות:
(ו) קביעת תעריפים ודרכי עדכונם;
(2) קביעת אמות מידה לרמה, לטיב ולאיכות השירות שנותן בעל רשיון ספק שירות
חיוני (להלן ­ אמות מידה) ופיקוח על מילוי חובותיו על פי אמות המידה.","סעיף (1): לפני: “(1) קביעת תעריפי חשמל, לרבות תעריפים למתן שירותי תשתית ברשת חשמל;” אחרי: “(ו) קביעת תעריפים ודרכי עדכונם;” משמעות: הרחבת הסמכות כדי לכלול לא רק קביעת התעריפים עצמם אלא גם מנגנון לעדכנם באופן שוטף, והפיכתה לניסוח תמציתי ומכליל יותר.","סעיף (2): לפני: “(2) קביעת אמות מידה לרמה, לטיב ולאיכות השירות שבעל רשיון ספק שירות חיוני נותן, ופיקוח אחר מילוי חובותיו על פי אמות מידה אלה.” אחרי: “(2) קביעת אמות מידה לרמה, לטיב ולאיכות השירות שנותן בעל רשיון ספק שירות חיוני (להלן – אמות מידה) ופיקוח על מילוי חובותיו על פי אמות מידה;” משמעות: הותאם הניסוח כדי לייחס במפורש את ההגדרה “אמות מידה” לשירות, ולפשט את הפיקוח לתיאור תמציתי של חובת הפיקוח ללא חזרות על המונח.",
קביעת תעריף חשמל,"2 (א) הרשות תקבע את תעריפי החשמל על בסיס עקרון העלות בהתחשב, בין השאר,
בסוג השירותים וברמתם. כל מחיר ישקף את עלות השירות המסויים, בלא שתהיה הוזלת
מחיר אחד על חשבון ייקורו של מחיר אחר, למניעת סבסוד צולב.
(ב) לצורך קביעת התעריפים כאמור, תבצע הרשות פעולות של בקרת העלויות של
בעל רשיון ספק שירות חיוני. הרשות תהא רשאית שלא להביא בחשבון, לענין קביעת
תעריפים, הוצאות, כולן או חלקן, אשר לדעתה אינן נדרשות למילוי חובותיו של בעל רשיון
ספק שירות חיוני לפי חוק זה.
(ג) לענין העלות באמור בסעיף קטן (א), תביא הרשות בחשבון שיעור תשואה נאות
על ההון, בהתחשב בזכויותיו ובחובותיו של בעל רשיון ספק שירות חיוני לפי חוק זה.
(ד) נתן תקציב המדינה תמיכה, לצורך הוזלת מחיר השירות, תופחת התמיכה מן
העלות לענין קביעת תעריפים","31 (א) הרשות תקבע את התעריפים על בסיס עקרון העלות בהתחשב, בין היתר, בסוג
השירותים וברמתם; כל מחיר ישקף את עלות השירות המסוים, בלא שתהיה הפחתת מחיר
אחד על חשבון העלאתו של מחיר אחר; נקבעה בתקציב המדינה תמיכה לצורך הפחתת
מחיר שירות, יופחת סכום התמיכה מן העלות של אותו שירות
(ב) לצורך קביעת התעריפים, תבצע הרשות פעולות של בקרת העלויות של בעל
רשיון ספק שירות חיוני; הרשות רשאית שלא להביא בחשבון, לענין קביעת תעריפים,
הוצאות, כולן או חלקן, אשר לדעתה אינן דרושות למילוי חובותיו של בעל רשיון ספק שירות
חיוני.
(ג) לענין העלות כאמור בסעיף קטן (א), תביא הרשות בחשבון שיעור תשואה נאות
על ההון, בהתחשב בזכויותיו ובחובותיו של בעל רשיון ספק שירות חיוני.","בסעיף (א): לפני:
“2 (א) הרשות תקבע את תעריפי החשמל על בסיס עקרון העלות בהתחשב, בין השאר, בסוג השירותים וברמתם. כל מחיר ישקף את עלות השירות המסויים, בלא שתהיה הוזלת מחיר אחד על חשבון ייקורו של מחיר אחר, למניעת סבסוד צולב.”
אחרי:
“31 (א) הרשות תקבע את התעריפים על בסיס עקרון העלות בהתחשב, בין היתר, בסוג השירותים וברמתם; כל מחיר ישקף את עלות השירות המסוים, בלא שתהיה הפחתת מחיר אחד על חשבון העלאתו של מחיר אחר; נקבעה בתקציב המדינה תמיכה לצורך הפחתת מחיר שירות, יופחת סכום התמיכה מן העלות של אותו שירות.”
משמעות: נוספה באופן מפורש הנחיה להפחתת התמיכה הממשלתית מהעלות לפני חישוב התעריפים, מה שמבטיח שיתרת העלות תשקף מחיר נטו של השירות ללא סבסוד ממשלתי.","בסעיף (ד): לפני:
“2 (ד) נתן תקציב המדינה תמיכה, לצורך הוזלת מחיר השירות, תופחת התמיכה מן העלות לעניין קביעת תעריפים.”
אחרי:
הסעיף מוזג לתוך סעיף (א) החדש (“נקבעה בתקציב המדינה תמיכה… יופחת סכום התמיכה מן העלות…”).
משמעות: שילוב הוראת הסעיף בתוך הסעיף (א) ליצירת פיסקה אחת מקיפה וחסרת כפילויות, אשר מבהירה את התהליך בחישוב התעריפים.",
עדכון תעריפים,"23 (א) הרשות תקבע את התעריפים מעת לעת; עד לקביעה אחרת, יעודכנו התעריפים
על בסיס נוסחת עדכון שתקבע הרשות; נוסחת העדכון יכול שתביא בחשבון מקדם
התייעלות.
(ב) לענין זה, ""מקדם התייעלות"" ­ שיעור ההפחתה מן העדכון, אשר הרשות,
בהתייעצות עם השרים, תחליט להביא בחשבון, לשם התייעלותו של בעל רשיון
ספק שירות חיוני.","2 (א) הרשות תקבע את התעריפים מעת לעת והם יעודכנו לפי נוסחת עדכון שתקבע
הרשות.
(ב) נוסחת העדכון לפי סעיף קטן (א) יכול שתביא בחשבון מקדם התייעלות; לענין זה,
""מקדם התייעלות"" ­ שיעור ההפחתה מן העדכון, אשר הרשות, בהתייעצות עם השרים,
תחליט להביא בחשבון, לשם התייעלותן של בעל רשיון ספק שירות חיוני.",ללא שינוי,,
קביעת אמות מידה לרמת שירות,"24 הרשות תקבע אמות מידה לרמה, לטיב ולאיכות השירות שבעל רשיון ספק שירות
חיוני נותן, כאמור בסעיף 21(ב), בכפוף לתכנית הפיתוח שאישר השר לפי סעיף :18 אמות
המידה יועמדו לעיון הציבור ויפורסמו בדרך שיקבע השר.","33 הרשות תקבע אמות מידה, בכפוף לתכנית הפיתוח שאישר השר לפי סעיף 19; אמות
המידה יועמדו לעיון הציבור ויפורסמו בדרך שיקבע השר.","בסעיף (קביעת אמות מידה לרמת שירות): לפני: “24 הרשות תקבע אמות מידה לרמה, לטיב ולאיכות השירות שבעל רשיון ספק שירות חיוני נותן, כאמור בסעיף 21(ב), בכפוף לתכנית הפיתוח שאישר השר לפי סעיף 18; אמות המידה יועמדו לעיון הציבור ויפורסמו בדרך שיקבע השר.” אחרי: “33 הרשות תקבע אמות מידה, בכפוף לתכנית הפיתוח שאישר השר לפי סעיף 19; אמות המידה יועמדו לעיון הציבור ויפורסמו בדרך שיקבע השר.” משמעות: צומצם הפירוט המפרט “לרמה, לטיב ולאיכות השירות” והוסרה ההפניה לסעיף 21(ב), הותקן תיקון ההפניה מתכנית הפיתוח מ‑18 ל‑19, ותושלם פישוט הנוסח כדי להדגיש שהגדרת האמות נקבעת במסגרת תכנית הפיתוח בלבד ומופשטת מרמת פירוט נוספת בחוק.",,
יפים,".25 לא תקבע הרשות תעריף או אמות מידה לרמה, לטיב ולאיכות השירות שבעל רשיון
ספק שירות חיוני נותן, אלא לאחר התייעצות עם הועדה המייעצת שהוקמה לפי סעיף 37
לחוק זה.",לא קיים סעיף כזה,"בסעיף (חובת התייעצות): לפני: “25. לא תקבע הרשות תעריף או אמות מידה לרמה, לטיב ולאיכות השירות שבעל רשיון ספק שירות חיוני נותן, אלא לאחר התייעצות עם הוועדה המייעצת שהוקמה לפי סעיף 37 לחוק זה.” אחרי: “לא קיים סעיף כזה.” משמעות: בוטלה חובת ההתייעצות המקדמית עם הוועדה המייעצת, ובכך נשללה ההגנה של הביקורת המקצועית מראש לפני קביעת תעריפים או אמות מידה.",,
חובות רישום חשבונאי,".26 הרשות רשאית לקבוע חובות בדבר רישום חשבונאי ודיווח לציבור שיחולו על בעל
רשיון ספק שירות חיוני, בנוסף לחובות המוטלות עליו לפי כל דין. החובות יבול שיכללו
הוראות בדבר פירוט הדינים והחשבונות שיפרסם בעל רשיון ספק שירות חיוני, ומועדי
פרסומם.","34 הרשות רשאית לקבוע חובות בדבר רישום חשבונאי ודיווח לציבור שיחולו על בעל
רשיון ספק שירות חיוני, בנוסף לחובות המוטלות עליו לפי כל דין, החובות יכול שיכללו
הוראות בדבר פירוט הדינים והחשבונות שיפרסם בעל רשיון ספק שירות חיוני, ומועדי
פרסומם.",ללא שינוי,,
דיווח לרשות,".27 לצורך מילוי תפקידיה לפי חוק זה, רשאית הרשות לחייב בעל רשיון ספק שירות
חיוני, להגיש לה דינים וחשבונות ובל מידע, בהתאם לדרישותיה.
28 החלטות הרשות או הועדה המייעצת, בהתאם לתפקידיהן לפי חוק זה, לרבות
ביאורים בדבר אופן קביעת התעריפים ונתונים סטטיסטיים, יפורסמו זולת אם קבעה הרשות
או הועדה המייעצת אחרת, לפי הענין, בנסיבות מיוחדות שינומקו.","35 לצורך מילוי תפקידיה לפי חוק זה, רשאית הרשות לחייב בעל רשיון ספק שירות
חיוני, להגיש לה דינים וחשבונות וכל מידע, בהתאם לדרישותיה.
36 החלטות הרשות לפי חוק זה, לרבות ביאורים בדבר אופן קביעת התעריפים ונתונים
סטטיסטיים, יפורסמו ברבים, זולת אם קבעה הרשות אחרת, בנסיבות מיוחדות שינומקו.","בסעיף (דיווח לרשות): לפני:
“27. לצורך מילוי תפקידיה לפי חוק זה, רשאית הרשות לחייב בעל רשיון ספק שירות חיוני, להגיש לה דינים וחשבונות ובל מידע, בהתאם לדרישותיה.
28. החלטות הרשות או הוועדה המייעצת, בהתאם לתפקידיהן לפי חוק זה, … יפורסמו זולת אם קבעה הרשות או הוועדה המייעצת אחרת…”
אחרי:
“35. לצורך מילוי תפקידיה לפי חוק זה, רשאית הרשות לחייב בעל רשיון ספק שירות חיוני, להגיש לה דינים וחשבונות וכל מידע, בהתאם לדרישותיה.
36. החלטות הרשות בלבד לפי חוק זה, … יפורסמו ברבים, זולת אם קבעה הרשות אחרת…”
משמעות: נוסף “וכל מידע” להרחבת דרישת הדיווח מעבר לספרי החשבונות; הוסרה לחלוטין הסמכות של הוועדה המייעצת בפרסום החלטות, ומרכזת את האחריות לפרסום רק בידי הרשות ובאופן “ברבים” – מהלך שמרחיב את היקף המידע הנדרש ומצמצם את הערוצים והגורמים המעורבים בפרסום.",,
מינוי הרשות והרכבה,אין תוכן בנושא,"22 . (א) הרשות תהיה מורכבת מחמישה חברים שמינתה הממשלה, לפי הצעת השרים;
חברי הרשות יהיו אזרחי ישראל ותושביה.
(ב) הממשלה, לפי הצעת השרים, תמנה יושב ראש לרשות, כאמור בסימן ב' לפרק זה.
(ג) הרכב הרשות הוא ­
(1) יושב ראש הרשות;
(2) שני נציגי ממשלה ובהם נציג השר מקרב עובדי משרדו ונציג שר האוצר
מקרב עובדי משרדו;
(3) שני נציגים מקרב הציבור, שהם בעלי תואר אקדמי באחד המקצועות
הבאים: כלכלה, ראיית חשבון, מינהל עסקים, הנדסה או מקצוע אחר בתחום
משק החשמל, ולהם גם נסיון מצטבר של חמש שנים לפחות בתחומים האמורים.
(ד) חברי הרשות לפי סעיף קטן (ג)(2) ו­(3) ימונו לתקופה של שלוש שנים וניתן לחזור ולמנותם, ובלבד שלא יכהנו יותר משתי תקופות כהונה רצופות.
(ה) הודעה על מינוי חברי הרשות תפורסם ברשומות","בסעיף (מינוי הרשות והרכבה):

לפני: “אין תוכן בנושא.”

אחרי:
“22. (א) הרשות תהיה מורכבת מחמישה חברים שמינתה הממשלה, לפי הצעת השרים; חברי הרשות יהיו אזרחי ישראל ותושביה.
(ב) הממשלה, לפי הצעת השרים, תמנה יושב ראש לרשות, כאמור בסימן ב' לפרק זה.
(ג) הרכב הרשות הוא –
(1) יושב ראש הרשות;
(2) שני נציגי ממשלה ובהם נציג השר מקרב עובדי משרדו ונציג שר האוצר מקרב עובדי משרדו;
(3) שני נציגים מקרב הציבור, שהם בעלי תואר אקדמי באחד המקצועות הבאים: כלכלה, ראיית חשבון, מינהל עסקים, הנדסה או מקצוע אחר בתחום משק החשמל, ולהם גם ניסיון מצטבר של חמש שנים לפחות בתחומים האמורים.
(ד) חברי הרשות לפי סעיף קטן (ג)(2) ו-(3) ימונו לתקופה של שלוש שנים וניתן לחזור ולמנותם, ובלבד שלא יכהנו יותר משתי תקופות כהונה רצופות.
(ה) הודעה על מינוי חברי הרשות תפורסם ברשומות.”

משמעות: נוצר מסגרת ממשלתית מפורטת לרכב הרשות ולתנאי כהונתה, הכוללת גיוון חיצוני (ציבורי וממשלתי), תקופת כהונה מוגבלת ותנאי פרסום – חידוש מהותי הממוסד בחקיקה ומתווה הן את הליך המינוי והן את פרופיל החברים.",,
חובת גילוי ואיסור התקשרות,אין תוכן בנושא,"23 . (א) לא יתמנה ולא יכהן כחבר הרשות מי שעלול להימצא, במישרין או בעקיפין,
במצב של ניגוד ענינים בין תפקידו כחבר הרשות לבין ענין אחר שלו או של בן משפחתו או
של תאגיד שהוא או בן משפחתו הינם בעלי ענין בהם.
(ב) חבר רשות שעשוי להיות לו ענין, במישרין או בעקיפין, בנושא העומד לדיון
ברשות, יודיע על כך בכתב ליושב ראש הרשות, מיד לאחר שנודע לו כי הנושא האמור עומד
לדיון, ולא יהיה נוכח בדיוני הרשות באותו נושא.","
בסעיף (חובת גילוי ואיסור התקשרות): לפני: “אין תוכן בנושא.” אחרי:
“23. (א) לא יתמנה ולא יכהן כחבר הרשות מי שעלול להימצא, במישרין או בעקיפין, במצב של ניגוד עניינים בין תפקידו כחבר הרשות לבין עניין אחר שלו או של בן משפחתו או של תאגיד שהוא או בן משפחתו הינם בעלי עניין בהם.
(ב) חבר רשות שעשוי להיות לו עניין, במישרין או בעקיפין, בנושא העומד לדיון ברשות, יודיע על כך בכתב ליושב ראש הרשות, מיד לאחר שנודע לו כי הנושא האמור עומד לדיון, ולא יהיה נוכח בדיוני הרשות באותו נושא.”
משמעות: מוסד לראשונה חובת גילוי ניגוד עניינים ואיסור התקשרות לפקידי הרשות, תוך הגדרה ברורה של חובת ההימנעות מהצבעה או השתתפות בדיון, ובכך מחזק את שלטון התקינות והאתיקה ברשות.",,
ישיבת הרשות,אין תוכן בנושא,"24 . ישיבות הרשות יתקיימו לפחות אחת לחודש; הרשות תקיים ישיבה מיוחדת אם
דרשו זאת לפחות שניים מחבריה; הישיבה תתקיים תוך שבעה ימים מיום הדרישה, זולת
אם בנסיבות הענין נדרש לקיימה תוך זמן קצר יותר; בישיבה תדון הרשות בנושאים
המפורטים בדרישה.","בסעיף (ישיבת הרשות): לפני: “אין תוכן בנושא.” אחרי:
“24. ישיבות הרשות יתקיימו לפחות אחת לחודש; הרשות תקיים ישיבה מיוחדת אם דרשו זאת לפחות שניים מחבריה; הישיבה תתקיים תוך שבעה ימים מיום הדרישה, זולת אם בנסיבות הענין נדרש לקיימה תוך זמן קצר יותר; בישיבה תדון הרשות בנושאים המפורטים בדרישה.”
משמעות: קובע לראשונה תדירות חובה למפגשי הרשות (פעם בחודש) ומסלול להגשת ועידת חירום על ידי שני חברים לפחות, כולל לוח זמנים ברור (תוך שבעה ימים) והגדרת נושאי הדיון, ובכך מבסס מנגנון עבודה פורמלי ועקבי של הרשות.",,
סדרי עבודת הרשות,אין תוכן בנושא,"25 . (א) המנין החוקי בישיבת הרשות הוא רוב חבריה.
(ב) החלטות הרשות יתקבלו ברוב דעות של החברים הנוכחים המצביעים באותה
ישיבה, ובמקרה של קולות שקולים יהיה ליושב ראש הרשות קול נוסף.
(ג) הרשות תקבע לעצמה את דרכי עבודתה ונוהלי דיוניה, ככל שאלה לא נקבעו
בחוק זה או על פיו.","בסעיף (סדרי עבודת הרשות): לפני: “אין תוכן בנושא.” אחרי:
“25. (א) המנין החוקי בישיבת הרשות הוא רוב חבריה. (ב) החלטות הרשות יתקבלו ברוב דעות של החברים הנוכחים המצביעים באותה ישיבה, ובמקרה של קולות שקולים יהיה ליושב ראש הרשות קול נוסף. (ג) הרשות תקבע לעצמה את דרכי עבודתה ונוהלי דיוניה, ככל שאלה לא נקבעו בחוק זה או על פיו.”
משמעות: מבסס מניין חוקי ורוב החלטות (כולל קול לבעל יושב ראש בשוויון), ומאפשר לרשות לגבש נהלי עבודה פנימיים חופשי ככל שלא סוכם בחקיקה, ובכך מייצב את הליכי קבלת ההחלטות ומעגן אוטונומיה תפעולית.",,
הוצאות וגמול,אין תוכן בנושא,"7 . חברי הרשות מקרב הציבור יקבלו גמול והחזר הוצאות בעד שירותם ברשות בהתאם
לתקנות החברות הממשלתיות (כללים בדבר גמול והוצאות לדירקטור מקרב הציבור בחברות
ממשלתיות), התשנ""ד1994­ , ולשם כך תיחשב הרשות לחברה בסיווג הגבוה ביותר","בסעיף (הוצאות וגמול): לפני: “אין תוכן בנושא.” אחרי:
“7. חברי הרשות מקרב הציבור יקבלו גמול והחזר הוצאות בעד שירותם ברשות בהתאם לתקנות החברות הממשלתיות (כללים בדבר גמול והוצאות לדירקטור מקרב הציבור בחברות ממשלתיות), התשנ""ד‑1994, ולשם כך תיחשב הרשות לחברה בסיווג הגבוה ביותר.”
משמעות: מוסיפה לראשונה בחקיקה חובת תשלום גמול והחזר הוצאות לחברי הרשות מן הציבור, תוך יישור קו עם תקנות החברות הממשלתיות והגדרת הרשות כ”חברה בסיווג הגבוה ביותר” כדי להצדיק היקף התגמול, מה שמבטיח פיצוי ראוי לממונים וממנף את גיוס מומחים חיצוניים.",,
החלת דינים על הרשות ופקיעת כהונה,אין תוכן בנושא,"8 . חברי הרשות, שאינם עובדי המדינה, דינם כדין עובדי המדינה לענין חיקוקים אלה:
(1) חוק הבחירות לכנסת ולראש הממשלה [נוסח משולב], התשכ""ט1969;
(2) חוק שירות המדינה (סיוג פעילות מפלגתית ומגבית כספים), התשי""ט1959;
(3) חוק שירות הציבור (מתנות), התש""ם1979;
(4) חוק העונשין, התשל""ז1977 ­ ההוראות הנוגעות לעובדי הציבור;
(5) פקודת הראיות [נוסח חדש], התשל""א1971;
(6) פקודת הנזיקין [נוסח חדש];
(7) חוק שירות הציבור (הגבלות לאחר פרישה), התשכ""ט1969.

29 . (א) חבר הרשות יחדל לכהן בה לפני תום תקופת כהונתו, אם נתקיים אחד מאלה:
(1) התפטר במסירת כתב התפטרות לממשלה;
(2) נבצר ממנו דרך קבע למלא תפקידו, והממשלה, על פי הצעת השרים,
העבירה אותו מכהונתו בהודעה בכתב;
(3) הורשע בעבירה שלדעת היועץ המשפטי לממשלה יש עמה קלון;
(4) אם נתמנה כחבר מקרב הציבור ­ נתמנה עובד מדינה, ואם נתמנה כעובד מדינה ­ חדל להיות עובד מדינה;
(5) אם הממשלה קבעה, לפי הצעת השרים ועל דעת הרשות, כי אינו ממלא
את תפקידו כראוי.
(ב) נעדר חבר הרשות, ללא סיבה מוצדקת, משלוש ישיבות רצופות של הרשות או
מחמש ישיבות בשנה אחת, רשאית הממשלה, על פי הצעת השרים, לבטל את מינויו.
(ג) הוגש כתב אישום נגד חבר הרשות בעבירה שיש עמה, לדעת היועץ המשפטי
לממשלה, קלון, רשאית הממשלה, על פי הצעת השרים, להשעות את החבר מכהונתו עד
למתן פסק­דין סופי בעניינו.
(ד) לא יושעה חבר רשות לפי סעיף קטן (ג), אלא לאחר שניתנה לו הזדמנות להביא
בפני השרים את טענותיו לעניין ההשעיה, תוך תקופה שיקבעו השרים.","בסעיף (החלת דינים על הרשות ופקיעת כהונה): לפני: “אין תוכן בנושא.” אחרי:
“8. חברי הרשות, שאינם עובדי המדינה, דינם כדין עובדי המדינה לעניין חקיקוים אלה:
(1) חוק הבחירות לכנסת ולראש הממשלה [נוסח משולב], התשכ״ט‑1969;
(2) חוק שירות המדינה (סיוג פעילות מפלגתית ומגבית כספים), התשי״ט‑1959;
(3) חוק שירות הציבור (מתנות), התש״ם‑1979;
(4) חוק העונשין, התשל״ז‑1977 – הוראות הנוגעות לעובדי הציבור;
(5) פקודת הראיות [נוסח חדש], התשל״א‑1971;
(6) פקודת הנזיקין [נוסח חדש];
(7) חוק שירות הציבור (הגבלות לאחר פרישה), התשכ״ט‑1969.

(א) חבר הרשות יחדל לכהן בה לפני תום תקופת כהונתו, אם נתקיים אחד מאלה:
(1) התפטר במסירת כתב התפטרות לממשלה;
(2) נבצר ממנו למלא תפקידו, והממשלה העבירה אותו מכהונתו בהודעה בכתב;
(3) הורשע בעבירה שיש עמה, לדעת היועץ המשפטי לממשלה, קלון;
(4) אם נתמנה מקרב הציבור – נתמנה עובד מדינה, ואם נתמנה כעובד מדינה – חדל להיות עובד;
(5) הממשלה קבעה, לפי הצעת השרים ועל דעת הרשות, כי אינו ממלא את תפקידו כראוי.
(ב) נעדר משלוש ישיבות רצופות או מחמש בשנה אחת רשאית הממשלה לבטל את מינויו.
(ג) הוגש כתב אישום בעבירה שיש עמה קלון – רשאית הממשלה להשעותו עד פסק‑דין סופי.
(ד) השעיה לפי (ג) תיעשה רק לאחר שהושמעה טענת החבר בפני השרים בתוך התקופה שיקבעו.

משמעות: נוסד לראשונה במסגרת הפסיקה הפורמלית של הרשות סט חקיקה חיצוני שחברי הרשות כפופים לו, ובוּצרו יסודות האתיקה והאחריות שלהם באמצעות הגדרת מקרי פקיעת כהונה ברורים (התפטרות, חוסר כשירות, הרשעה, שינוי מעמד ועוד) ומנגנוני פיקוח ממשלתיים (ביטול מינוי, השעיה). בכך מבוטח יישום סטנדרטים אחידים לעובדי ציבור ומבוצע עיגון של נורמות התנהגות ואתיקה ברשות.",,
הרשות לשירותים ציבוריים - חשמל - מנהל הרשות,"מנהל הרשות
30 (א) הממשלה תמנה, לפי הצעת השרים, מנהל לרשות (להלן ­ מנהל הרשות); מנהל הרשות יהיה עובד מדינה.
(ב) הודעה על מינוי מנהל הרשות תפורסם ברשומות.
(ג) תקופת כהונתו של מנהל הרשות תהיה חמש שנים; וניתן לחזור ולמנותו לתקופה אחת נוספת של שלוש שנים.
(ד) מנהל הרשות יהיה ממונה על ביצוע תפקידי הרשות לפי חוק זה.

כשירות לכהונה
31 כשיר לכהן כמנהל הרשות, אזרח ישראלי שנתקיימו בו שני תנאים אלה:
(1) הוא בעל תואר אקדמי באחד המקצועות הבאים: כלכלה, מינהל עסקים, ראיית חשבון, משפטים, הנדסה או מקצוע אחר הנוגע לתחומי התפקידים של הרשות לפי חוק זה;
(2) הוא בעל נסיון מצטבר של חמש שנים לפחות בתפקיד בכיר בתחום הניהול של תאגיד בעל היקף עסקים משמעותי, או בתפקיד בכיר בשירות הציבור בנושאים כלכליים, מסחריים, ניהוליים, משפטיים או הנדסיים.

הפסקת כהונתו של מנהל הרשות
32 (א) הממשלה רשאית להפסיק את כהונתו של מנהל הרשות, בהתקיים אחד מן התנאים הבאים:
(1) מנהל הרשות התפטר במסירת הודעה בכתב לממשלה;","סמכויות ותקופת כהונה
38 (א) יושב ראש הרשות, שמונה לפי סעיף 22(ב), יהיה ממונה על ביצוע תפקידי הרשות לפי חוק זה.
(ב) יושב ראש הרשות יהיה עובד מדינה, ותקופת כהונתו ­ חמש שנים, וניתן לחזור ולמנותו לתקופה נוספת של ארבע שנים.

כשירות לכהונה
39 כשיר לכהן כיושב ראש הרשות, אזרח ישראלי ותושב בה שנתקיימו בו שניים מאלה:
(1) הוא בעל תואר אקדמי באחד המקצועות הבאים: כלכלה, מינהל עסקים, ראיית חשבון, הנדסה או מקצוע אחר שבתחום התפקידים של הרשות לפי חוק זה;
(2) הוא בעל נסיון מצטבר של חמש שנים לפחות בתפקיד בכיר בתחום הניהול של תאגיד בעל היקף עסקים משמעותי, או בתפקיד בכיר בשירות הציבור בנושאים כלכליים או הנדסיים.

40 הממשלה לא תפסיק את כהונתו של יושב ראש הרשות לפי סעיף 29(א)(5), אלא לאחר שנתנה לו הזדמנות לערור על החלטתה לפני ועדת השירות לפי סעיף 7 לחוק שירות המדינה (מינויים), התשי""ט1959; ועדת השירות תדון בערר לאחר קבלת חוות דעת מנציב שירות המדינה.

41 השעתה הממשלה את יושב ראש הרשות לפי סעיף 29(ג), תמנה לפי הצעת השרים, ממלא מקום שיתקיימו בו תנאי הכשירות לפי סעיף 39; לממלא המקום יהיו כל הסמכויות של יושב ראש הרשות לפי חוק זה.","סעיף 30(א) ↔ סעיף 38(א):
לפני: “הממשלה תמנה, לפי הצעת השרים, מנהל לרשות (להלן – מנהל הרשות); מנהל הרשות יהיה עובד מדינה.”
אחרי: “יושב ראש הרשות, שמונה לפי סעיף 22(ב), יהיה ממונה על ביצוע תפקידי הרשות לפי חוק זה; יושב ראש הרשות יהיה עובד מדינה.”
משמעות: העברת הסמכויות הביצועיות ממעמד של “מנהל” מקצועי למעמד “יושב ראש” בכפוף לאישור ממשלתי, השקעת עניין מושרש יותר בממשל ופירוק היררכי מחדש של האחראיות.","סעיף 30(ג) ↔ סעיף 38(ב):
לפני: “תקופת כהונתו של מנהל הרשות תהיה חמש שנים; וניתן לחזור ולמנותו לתקופה אחת נוספת של שלוש שנים.”
אחרי: “תקופת כהונתו של יושב ראש הרשות – חמש שנים, וניתן לחזור ולמנותו לתקופה נוספת של ארבע שנים.”
משמעות: הארכת כהונה חוזרת מ‑3 ל‑4 שנים, חיזוק יציבות התפקיד והקטנת תחלופת הממנה","סעיף 32 ↔ סעיף 40:
לפני: “הממשלה רשאית להפסיק את כהונתו של מנהל הרשות, בהתקיים אחד מן התנאים … (ללא מנגנון ערר)”.
אחרי: “הממשלה לא תפסיק את כהונתו של יושב ראש הרשות לפי סעיף 29(א)(5), אלא לאחר שנתנה לו הזדמנות לערור על החלטתה לפני ועדת השירות לפי חוק שירות המדינה.”
משמעות: הוספת הליך ערעור בפני ועדת שירות המדינה לפני הפסקת כהונה, הבטחת הגנה על זכויות הנושא ועצמאות התפקיד."
מבנה הרשות,"34 תקציב הרשות ייקבע בחוק התקציב בסעיף תקציב נפרד, כהגדרתו בחוק יסודות התקציב, התשמ""ה1985.

35 (א) עובדי הרשות יהיו עובדי מדינה ויחולו עליהם הוראות חוק שירות המדינה (מינויים), התשי""ט1959, ובלבד שמנהל הרשות יהיה מורשה, באישור השרים, לייצג את המדינה בעשיית חוזים מיוחדים עם עובדים.
(ב) עובדי הרשות יפעלו לפי הוראות מנהל הרשות ובפיקוחו.
(ג) לא יופסק שירותו של עובד הרשות אלא בהסכמתו של מנהל הרשות או על פי הוראת בית המשפט או בית דין מוסמך.

36 מנהל הרשות יהיה מורשה, ביחד עם חשב הרשות, לייצג את הממשלה בעסקאות כאמור בסעיפים 4 ו־5 לחוק נכסי המדינה, התשי""א1951, למעט עסקאות במקרקעין, למטרת ביצוע הוראות חוק זה, ולחתום בשם המדינה על מסמכים הנוגעים לעסקאות כאמור.","42 תקציב הרשות ייקבע בחוק תקציב שנתי, בסעיף תקציב נפרד; הממונה על סעיף תקציב זה, לעניין חוק יסודות התקציב, התשמ""ה1985, יהיה יושב ראש הרשות.

45 (א) עובדי הרשות יהיו עובדי מדינה ויחולו עליהם הוראות חוק שירות המדינה (מינויים), התשי""ט1959, ובלבד שיושב ראש הרשות יהיה מורשה, באישור השרים, ביחד עם חשב הרשות, לייצג את המדינה בעשיית חוזים מיוחדים עם עובדים.
(ב) עובדי הרשות יפעלו לפי הוראות יושב ראש הרשות ובפיקוחו.
(ג) לא יופסק שירותו של עובד הרשות אלא בהסכמתו של יושב ראש הרשות או על פי הוראת בית המשפט או בית דין מוסמך.

44 לצורך ביצוע הוראות חוק זה מורשה יושב ראש הרשות, ביחד עם חשב הרשות, לייצג את הממשלה בעסקאות כאמור בסעיפים 4 ו־5 לחוק נכסי המדינה, התשי""א1951, למעט עסקאות במקרקעין, ולחתום בשם המדינה על מסמכים הנוגעים לעסקאות כאמור.","סעיף 34 ↔ 42 (תקציב הרשות): לפני: “34. תקציב הרשות ייקבע בחוק התקציב בסעיף תקציב נפרד, כהגדרתו בחוק יסודות התקציב, התשמ״ה‑1985.” אחרי: “42. תקציב הרשות ייקבע בחוק תקציב שנתי, בסעיף תקציב נפרד; הממונה על סעיף תקציב זה, לעניין חוק יסודות התקציב, התשמ״ה‑1985, יהיה יושב ראש הרשות.” משמעות: מוסיפים שהאחריות לתקציב השנתי תוטל על יושב ראש הרשות, ובכך מרכיבים סמכות ניהולית ברורה וייחודית עליו.","סעיף 35 ↔ 45 (עובדי הרשות ופיקוח): לפני: “35. (א) עובדי הרשות יהיו עובדי מדינה… ובלבד שמנהל הרשות יהיה מורשה… לייצג את המדינה בעשיית חוזים מיוחדים עם עובדים. (ב) עובדי הרשות יפעלו לפי הוראות מנהל הרשות ובפיקוחו. (ג) לא יופסק שירותו של עובד הרשות אלא בהסכמתו של מנהל הרשות…” אחרי: “45. (א) עובדי הרשות יהיו עובדי מדינה… ובלבד שיושב ראש הרשות יהיה מורשה… לייצג את המדינה בעשיית חוזים מיוחדים עם עובדים. (ב) עובדי הרשות יפעלו לפי הוראות יושב ראש הרשות ובפיקוחו. (ג) לא יופסק שירותו של עובד הרשות אלא בהסכמתו של יושב ראש הרשות…” משמעות: כל סמכויות הניהול, הפיקוח והחוזים העובדים הועברו ממנהל הרשות ליושב ראש, ובכך מרוכזת העליונות התפעולית בידו","סעיף 36 ↔ 44 (ייצוג המדינה בעסקאות): לפני: “36. מנהל הרשות יהיה מורשה, ביחד עם חשב הרשות, לייצג את הממשלה בעסקאות כאמור בסעיפים 4 ו‑5 לחוק נכסי המדינה… ולחתום בשם המדינה על מסמכים הנוגעים לעסקאות כאמור.” אחרי: “44. לצורך ביצוע הוראות חוק זה מורשה יושב ראש הרשות, ביחד עם חשב הרשות, לייצג את הממשלה בעסקאות כאמור בסעיפים 4 ו‑5 לחוק נכסי המדינה… ולחתום בשם המדינה על מסמכים הנוגעים לעסקאות כאמור.” משמעות: הועברה סמכות החתימה והייצוג ממנהל הרשות ליושב ראש, מה שמגביה את הרף המינהלי לייצוג המדינה ומעניק עצמאות רחבה יותר למשרת יושב הראש."
הועדה המייעצת לעניין קביעת תעריפים ואמות מידה לרמת שירות,"37 (א) השרים ימנו ועדה מייעצת לרשות (להלן – הועדה המייעצת או הועדה); חברי הועדה יהיו תושבי ישראל או תושבים בה, שהתקיים בהם לפחות אחד משני התנאים הבאים:
(1) הם בעלי תואר אקדמי באחד המקצועות הבאים: כלכלה, מינהל עסקים, ראיית חשבון, משפטים, הנדסה או מקצוע אחר הנוגע לתחומי התפקידים של הרשות לפי חוק זה;
(2) הם בעלי נסיון מצטבר של חמש שנים לפחות באחד התחומים הבאים: כלכלה, ניהול, מינהל עסקים, ראיית חשבון, משפטים, הנדסה או מקצוע אחר הנוגע לתחומי התפקידים של הרשות לפי חוק זה.

(ב) הועדה תמנה תשעה חברים, מהם חמישה מקרב הציבור וביניהם נציג אחד של בנק ישראל מקרב עובדי הבנק, וארבעה חברים מקרב עובדי המדינה וביניהם נציג אחד של שר האוצר מקרב עובדי משרדו ונציג אחד של שר האנרגיה והתשתית מקרב עובדי משרדו. נציג אחד מנציגי הציבור יכול שיהיה גם מי שלא נתקיימו בו התנאים שבסעיף קטן (א)(1) ו-(2) ובלבד שהיה אזרח ישראלי או תושב בה.

(ג) השרים ימנו את יושב ראש הועדה מקרב נציגי הציבור.

(ד) חברי הועדה ימונו לתקופה של שלוש שנים וניתן לחזור ולמנותם, ובלבד שלא יכהנו יותר משתי כהונות רצופות.

38 חברי הועדה המייעצת, שאינם עובדי המדינה, דינם כדין עובדי המדינה לעניין החיקוקים המפורטים להלן:
(1) חוק הבחירות לכנסת [נוסח משולב], התשכ""ט1969–18;
(2) חוק שירות המדינה (סיוג פעילות מפלגתית ומגבית כספים), התשי""ט–1959;
(3) חוק שירות הציבור (מתנות), התש""ם–1979;
(4) חוק העונשין, התשל""ז–1977 – ההוראות הנוגעות לעובדי הציבור;
(5) פקודת הראיות [נוסח חדש], התשל""א–1971;
(6) פקודת הנזיקין [נוסח חדש];
(7) חוק שירות הציבור (הגבלות לאחר פרישה), התשכ""ט–1969;",לא קיים סעיף זה,"בסעיף 37 (הועדה המייעצת): לפני:
“37. (א) השרים ימנו ועדה מייעצת לרשות… (ב) הועדה תמנה תשעה חברים… (ג) השרים ימנו את יושב ראש הועדה… (ד) חברי הועדה ימונו לתקופה של שלוש שנים…
38. חברי הועדה המייעצת, שאינם עובדי המדינה, דינם כדין עובדי המדינה….”
אחרי:
“לא קיים סעיף זה.”
משמעות: בוטלה לחלוטין הסמכות למינוי ועדה מייעצת בנושאי תעריפים ואמות מידה, והקטין את היקף המעורבות המקצועית החיצונית והפיקוח החיצוני על החלטות הרשות.",,
פרק ה' ­ סמכות להיכנס למקרקעין לביצוע עבודות,פרק ה' ­ סמכות להיכנס למקרקעין לביצוע עבודות,פרק ה' ­ סמכות להיכנס למקרקעין לביצוע עבודות,ללא שינוי,,
הרשאה לביצוע עבודות והקמת מיתקני חשמל על ידי בעל רישיון,"39 בנוסף להוראות כל דין, ביצוע עבודות והקמת מיתקנים כאמור בסעיף 145(ו) לחוק
התכנון והתקנות לפיו, על ידי בעל הרשיון, טעונים הרשאה מאת המנהל.","5 בנוסף להוראות כל דין, ביצוע עבודות והקמת מיתקנים כאמור בסעיף145(ו) לחוק
התכנון והתקנות לפיו, על ידי בעל רשיון, טעונים הרשאה מאת המנהל.",ללא שינוי,,
סמכות כניסה למקרקעין וביצוע עבודות בהם,"40 (א) בעל רשיון רשאי, אם קיבל לכך את הסכמת בעל המקרקעין, להיכנס למקרקעין,
בין מקרקעין ציבוריים ובין מקרקעין פרטיים, לצורך מילוי אחר תנאי רשיונו ולבצע בהם
פעולות אלה:
(1) לערוך מדידות ובדיקות כנדרש;
(2) להקים ולהעביר רשתות חשמל במקרקעין ולהקים בהם עמודים;
(3) להתקין, לבנות או להציב מיתקן חשמל במקרקעין;
(4) לחפור, להסיר אבן, אדמה ועץ ולבצע פעולות נילוות אחרות הדרושות
להפעלת הסמכויות האמורות בפסקאות (2) ו­(3);
(5) להסיר או לגזום, מסביב לכל מיתקן חשמל או רשת חשמל קיימים או
מתוכננים, כל צמח המפריע לבניתו, לקיומו או לפעילותו התקינה של מיתקן
חשמל או רשת חשמל;
(6) לבצע בדיקה, תיקון, או הסרה של מיתקן חשמל הנמצא במקרקעין וכן
לבצע בו שינוי שאין בו משום פגיעה בהיקף השימוש באותם מקרקעין;
(7) לחפור תעלות, מנהרות ומעברים על קרקעים ותת קרקעיים;
(8) להניח כבלים ולהעביר צינורות במקרקעין;
(9) (א) לפתוח ולהכשיר כל דרך לשם ביצוע עבודות חשמל במקרקעין
ובלבד שמיד עם השלמת העבודה יחזיר את הדרך למצבה הקודם;
(ב) בפסקה זו, ""דרך"" ­ לרבות מסילה, כביש, רחוב, סמטה, ככר, מעבר,
גשר או מקום פתוח שיש לציבור זכות מעבר בהם;
(10) להסיר כל מיתקן המפריע שלא כדין לפעילות תקינה של בעל הרשיון
למילוי תנאי הרשיון ולהסיר כל מכשול המפריע לפעילות כאמור;
(11) להתקין ולבנות תאים, שוחות, תחנות השנאה, ארגזי חלוקה, הסתעפות,
חיבורים וכל מתקן חשמלי נוסף או אחר שיידרש לשם הקמת הרשת, תפעולה,
שיפורה, הרחבתה ותיקונה;
(12) בכפוף לאמור בכל דין, להקים רשתות תקשורת במקרקעין;
(13) לעבור ברכב במקרקעין, הנמצאים סמוך למקום שבו נדרש לבצע פעולות
המפורטות בפסקאות (1) עד (12)
(ב) לא נתן בעל המקרקעין הסכמתו כאמור בסעיף קטן (א), יהיה בעל הרשיון רשאי
להיכנס למקרקעין לצורך מילוי תנאי רשיונו ולבצע בהם את הפעולות המנויות בסעיף קטן
(א), אם קיבל הרשאה לכך מאת המנהל; המנהל יפרסם הרשאה שנתן לפי סעיף קטן זה בשני
עיתונים כאמור בסעיף וא לחוק התכנון.

(ג) בבואו ליתן הרשאה לפי סעיף קטן (א) להיכנס למקרקעין פרטיים לביצוע
עבודות שאינן לצורך אותם מקרקעין, ישקול המנהל, בין היתר, קיומה של אפשרות חלופית
לביצוע אותן עבודות.

(ד) כניסה על פי סעיף זה למיתקן ביטחוני, טעונה אישור מראש של הגוף המוסמך
לכך על פי דין, לגבי אותו מיתקן.
","6 (א) לצורך מילוי תנאי רשיונו, רשאי בעל רשיון, אם קיבל לכך את הסכמת בעל
המקרקעין, להיכנס למקרקעין, בין מקרקעין ציבוריים ובין מקרקעין פרטיים ולבצע בהם
פעולות אלה:
(1) לערוך מדידות ובדיקות כנדרש;
(2) להקים ולהעביר רשתות חשמל במקרקעין ולהקים בהם עמודים;
(3) להתקין, לבנות או להציב מיתקן חשמל במקרקעין;
(4) לחפור, להסיר אבן, אדמה ועץ ולבצע פעולות נילוות אחרות הדרושות
להפעלת הסמכויות האמורות בפסקאות (2) ו­(3);
(5) להסיר או לגזום, מסביב לכל מיתקן חשמל או רשת חשמל קיימים או
מתוכננים, כל צמח המפריע לבנייתו, לקיומו או לפעילותו התקינה של מיתקן
חשמל או של רשת חשמל;
(6) לבצע בדיקה, תיקון, או הסרה של מיתקן חשמל הנמצא במקרקעין וכן
לבצע בו שינוי שאין בו משום פגיעה בהיקף השימוש באותם מקרקעין;
(7) לחפור תעלות, מנהרות ומעברים על־קרקעיים ותת־קרקעיים;
(8) להניח כבלים ולהעביר צינורות במקרקעין;
(9) (א) לפתוח ולהכשיר כל דרך לשם ביצוע עבודות חשמל במקרקעין,
ובלבד שמיד עם השלמת העבודה יחזיר את הדרך למצב הקודם;
(ב) בפסקה זו, ""דרך"" – לרבות מסילה, כביש, רחוב, סמטה, כיכר, מעבר,
גשר או מקום פתוח שיש לציבור זכות מעבר בהם;
(10) להסיר כל מיתקן המפריע שלא כדין לפעילות תקינה של בעל הרשיון
למילוי תנאי הרשיון ולהסיר כל מכשול המפריע לפעילות כאמור;
(11) להתקין ולבנות תאים, שוחות, תחנות השנאה, ארגזי חלוקה, הסתעפות,
חיבורים וכל מיתקן חשמלי נוסף או אחר שיידרש לשם הקמת הרשת, תפעולה,
שיפורה, הרחבתה ותיקונה;
(12) בכפוף לאמור בכל דין, להקים רשתות תקשורת במקרקעין;
(13) לעבור ברכב במקרקעין, הנמצאים סמוך למקום שבו נדרש לבצע פעולות
המפורטות בפסקאות (1) עד (12).
(ב) לא נתן בעל המקרקעין הסכמתו לביצוע הפעולות לפי סעיף קטן (א), יהיה בעל
הרשיון רשאי להיכנס למקרקעין לצורך מילוי תנאי רשיונו ולבצע בהם את הפעולות
האמורות, אם קיבל הרשאה לכך מאת המנהל כאמור בסעיף 47.
(ג) בבואו ליתן הרשאה לפי סעיף קטן (א) להיכנס למקרקעין פרטיים לביצוע
עבודות שאינן לצורך אותם מקרקעין, ישקול המנהל, בין היתר, קיומה של אפשרות חלופית
לביצוע אותן עבודות.
(ד) כניסה על פי סעיף זה למיתקן בטחוני, טעונה אישור מראש של הגוף המוסמך
לכך על פי דין, לגבי אותו מיתקן.","בסעיף (א) והפניה ב-(ב): לפני: “40. (א) לצורך מילוי אחר תנאי רשיונו, בעל רשיון רשאי …”; “(ב) … המנהל יפרסם הרשאה שנתן לפי סעיף קטן זה בשני עיתונים כאמור בסעיף ו’ לחוק התכנון.” אחרי: “6. (א) לצורך מילוי תנאי רשיונו, רשאי בעל רשיון …”; “(ב) … אם קיבל הרשאה לכך מאת המנהל כאמור בסעיף 47.” משמעות: הסרת המילה “אחר” היא תיקון ניסוח טכני בלבד, אך ביטול חובת הפרסום בעיתונים והפיכתה להפניה סטרילית לסעיף 47 מוחקת את דרישת השקיפות הציבורית במתן ההרשאה – שינוי מהותי בפיקוח ובחשיפה הציבורית של סמכויות המנהל.",,
ידיעה על כוונה להיכנס למקרקעין,"1 (א) ביקש בעל רשיון מהמנהל לתת הרשאה לפי סעיף 40(ב), יודיע על כך המנהל לבעל המקרקעין ויתן לו הזדמנות להשמיע טענותיו.
(ב) נתן המנהל הרשאה לפי סעיף 40(ב), יודיע על כך לבעל המקרקעין; בהודעה יציין את המועד שבו רשאי בעל הרשיון להיכנס למקרקעין.
(ג) לא ייכנס בעל רשיון למקרקעין כל עוד לא חלפו 21 ימים מהיום שבו נמסרה ההודעה על ההרשאה לבעל המקרקעין, אלא אם כן קבע המנהל תקופה קצרה מזו מטעמים מיוחדים שיירשמו.
(ד) בעל המקרקעין הרואה עצמו נפגע ממתן הרשאה כאמור, רשאי לערער על כך לבית משפט השלום שבתחום שיפוטו נמצאים המקרקעין, בתוך 21 ימים מהיום שנמסרה לו ההודעה.
(ה) בית המשפט הדן בערעור רשאי לאשר את החלטת המנהל כאמור, או לבטלה, והוא רשאי ליתן כל סעד שבית המשפט הדן בענין אזרחי מוסמך לתיתו.
(ו) הגשת ערעור לבית המשפט לא תעכב את ביצוע השימוש במקרקעין לפי ההרשאה של בעל הרשיון אלא אם כן החליט על כך בית המשפט בהחלטה מנומקת מחמת טעם מיוחד שראה.
(ז) בעל רשיון המתכוון לבצע עבודות לפי סעיף 40 במקרקעין ציבוריים יודיע על כך לבעל המקרקעין ולמוסד התכנון שבתחומו נמצאים המקרקעין.
(ח) לענין סעיף זה, ""בעל מקרקעין"" – לרבות המחזיק במקרקעין.","47 (א) ביקש בעל רשיון מהמנהל לתת הרשאה לפי סעיף 46(ב), יודיע על כך המנהל לבעל המקרקעין ויתן לו הזדמנות להשמיע טענותיו.
(ב) נתן המנהל הרשאה לפי סעיף 46(ב), יודיע על כך לבעל המקרקעין בצירוף נימוקים, ויפרסם את ההודעה בשני עיתונים יומיים כאמור בסעיף 1א בחוק התכנון, בהודעה יצוין המועד שבו רשאי בעל הרשיון להיכנס למקרקעין.
(ג) לא ייכנס בעל רשיון למקרקעין כל עור לא חלפו 25 ימים מהיום שבו נמסרה ההודעה על ההרשאה לבעל המקרקעין, אלא אם כן קבע המנהל תקופה קצרה מזו, מטעמים מיוחדים שיירשמו.
(ד) בעל רשיון המתכוון לבצע עבודות לפי פרק זה במקרקעין ציבוריים יודיע על כך לבעל המקרקעין ולמוסד התכנון שבתחומו נמצאים המקרקעין","לפני: “(ב) נתן המנהל הרשאה לפי סעיף 40(ב), יודיע על כך לבעל המקרקעין; בהודעה יציין את המועד שבו רשאי בעל הרישיון להיכנס למקרקעין.” אחרי: “(ב) נתן המנהל הרשאה לפי סעיף 46(ב), יודיע על כך לבעל המקרקעין בצירוף נימוקים, ויפרסם את ההודעה בשני עיתונים יומיים כאמור בסעיף 1א בחוק התכנון; בהודעה יצוין המועד שבו רשאי בעל הרישיון להיכנס למקרקעין.” משמעות: נוסף חובת נימוק פירוט מדוע ניתנה ההרשאה, והוחמרה דרישת השקיפות על־ידי פרסום בשני עיתונים יומיים, מה שמגביר את פיקוח הציבור על ההחלטה.",בסעיף (ג): לפני: “(ג) לא ייכנס בעל רשיון למקרקעין כל עוד לא חלפו 21 ימים מהיום שבו נמסרה ההודעה …” אחרי: “(ג) לא ייכנס בעל רשיון למקרקעין כל עוד לא חלפו 25 ימים מהיום שבו נמסרה ההודעה …” משמעות: הארכת תקופת ההמתנה מ-21 ל-25 ימים מאפשרת לבעל המקרקעין זמן רב יותר להיערכות או לערעור,"כלל הסעיף: רבים מסעיפי הערעור וההגנה (סעיפים (ד)–(ו) במקור) בוטלו בגרסה החדשה, ונשמרה רק חובת ההודעה למקרקעין ציבוריים בסעיף (ד) החדש. משמעות: הוסרה לחלוטין הסמכות לערעור לבית משפט ולמתן סעד, ומשכך – צמצום דרכי ההגנה של בעלי המקרקעין כנגד כניסה לעבודות."
ערעור,אין פרטים,"48 (א) בעל מקרקעין הרואה עצמו נפגע ממתן הרשאה לפי פרק זה, רשאי לערער על כך לבית משפט השלום שבתחום שיפוטו נמצאים המקרקעין, בתוך 21 ימים מהיום שנמסרה לו ההודעה.
(ב) בית המשפט הדן בערעור רשאי לאשר את החלטת המנהל כאמור, או לבטלה, והוא רשאי לתת כל סעד שבית משפט הדן בענין אזרחי מוסמך לתיתו.
(ג) הגשת ערעור לבית המשפט לא תעכב את השימוש במקרקעין לפי ההרשאה של בעל הרשיון, אלא אם כן החליט על כך בית המשפט, בהחלטה מנומקת מחמת טעם מיוחד שראה.","סעיף (ערעור): לפני: “אין פרטים.” אחרי:
“48. (א) בעל מקרקעין הרואה עצמו נפגע ממתן הרשאה לפי פרק זה, רשאי לערער על כך לבית משפט השלום שבתחום שיפוטו נמצאים המקרקעין, בתוך 21 ימים מהיום שנמסרה לו ההודעה.
(ב) בית המשפט הדן בערעור רשאי לאשר את החלטת המנהל כאמור, או לבטלה, והוא רשאי לתת כל סעד שבית משפט הדן בענין אזרחי מוסמך לתיתו.
(ג) הגשת ערעור לבית המשפט לא תעכב את השימוש במקרקעין לפי ההרשאה של בעל הרשיון, אלא אם כן החליט על כך בית המשפט, בהחלטה מנומקת מחמת טעם מיוחד שראה.”
משמעות: הוספת הזכות לערעור שיפוטי מאפשרת לבעלי מקרקעין לנקוט בהליך משפטי לבחינת תקפות החלטת המנהל ולהשיג סעד מתאים, מה שמטמיע מנגנון בקרה והגנה חוקתית על זכויותיהם",,
סדרי הדין בערעור,"42 (א) בית המשפט ידון בערעור לפי סדר הדין המינהלי שיתקין שר המשפטים; באין סדר דין מינהלי – ידון בית המשפט בדרך הנראית לו מועילה ביותר להכרעה צודקת ומהירה.
(ב) בית המשפט הדן בערעור לא יהיה קשור בדיני ראיות חוץ מדיני חסינות עדים וראיות חסויות כאמור בפרק ג' לפקודת הראיות [נוסח חדש], התשל""א 1971.
(ג) בית המשפט הדן בערעור רשאי למנות לו יועץ מקצועי אשר יסייע לו בשאלות מקצועיות אך לא יטול חלק במתן פסק הדין.
(ד) היועץ המקצועי יהיה זכאי לשכר ולהחזר הוצאות, בסכומים שבית המשפט יקבע, מאת בעל הרשיון שמסר או שפרסם את ההודעה.","49 (א) שר המשפטים רשאי לקבוע סדרי דין בערעור; באין סדרי דין – ידון בית המשפט בדרך הנראית לו מועילה ביותר להכרעה צודקת ומהירה.
(ב) בית המשפט הדן בערעור לא יהיה קשור בדיני ראיות למעט דיני חסינות עדים וראיות חסויות כאמור בפרק ג' לפקודת הראיות [נוסח חדש], התשל""א 1971.
(ג) בית המשפט הדן בערעור רשאי למנות לו יועץ מקצועי אשר יסייע לו בשאלות מקצועיות אך לא יטול חלק במתן פסק הדין.
(ד) היועץ המקצועי יהיה זכאי לשכר ולהחזר הוצאות מאת בעל הרשיון מבקש ההרשאה, בסכומים שיקבע בית המשפט.","סעיף (א): לפני: “42 (א) בית המשפט ידון בערעור לפי סדר הדין המינהלי שיתקין שר המשפטים; באין סדר דין מינהלי – ידון בית המשפט בדרך הנראית לו מועילה ביותר להכרעה צודקת ומהירה.” אחרי: “49 (א) שר המשפטים רשאי לקבוע סדרי דין בערעור; באין סדרי דין – ידון בית המשפט בדרך הנראית לו מועילה ביותר להכרעה צודקת ומהירה.” משמעות: הועברה סמכות הטרמינולוגית מ”בית המשפט ידון לפי סדר הדין המינהלי שיתקין שר המשפטים” ל”שר המשפטים רשאי לקבוע סדרי דין בערעור” – שינוי מהותי שמדגיש כי לא בית המשפט אלא השר קובע בפועל את סדרי הדין, ומגביה את כוח השר על פני בית המשפט בהליך הערעור","סעיף (ד): לפני: “(ד) היועץ המקצועי יהיה זכאי לשכר ולהחזר הוצאות, בסכומים שבית המשפט יקבע, מאת בעל הרשיון שמסר או שפרסם את ההודעה.” אחרי: “49 (ד) היועץ המקצועי יהיה זכאי לשכר ולהחזר הוצאות מאת בעל הרשיון מבקש ההרשאה, בסכומים שיקבע בית המשפט.” משמעות: הוגדר כי התשלום ייטל דווקא מה”מבקש ההרשאה” (בעל הרשיון) ולא מה”בעל הרשיון שמסר או שפרסם את ההודעה” – הבהרה והצרה של היקף החייב בחבות הכספית.",
פיצויים בעד נזק,"43 (א) בעל הרשיון המבצע עבודות בהשתמשו בהרשאה הנתונה לפי סעיף 39 או לפי סעיף 40, יימנע עד כמה שהדבר ניתן, מגרימת נזק ויחזיר את המקרקעין ככל האפשר למצב שהיו בו, אילולא נעשה שימוש בהם לפי חוק זה.
(ב) נגרם נזק ישיר כתוצאה מביצוע עבודות לפי סעיף 39 או סעיף 40 לבעל המקרקעין או המחזיק במקרקעין פרטיים, ישלם מבצע העבודות לפי דרישת הניזוק פיצויים לניזוק על נזקו כאמור.
(ג) החליט בעל רשיון לדחות דרישה לפיצויים לפי סעיף קטן (ב), ימסור לבעל המקרקעין או למחזיק בהם, לפי העניין, הודעה מנומקת בכתב על כך תוך ששים ימים מיום קבלת הדרישה.","50 (א) בעל רשיון המבצע עבודות לפי פרק זה, יימנע עד כמה שהדבר ניתן, מגרימת נזק ויחזיר את המקרקעין, ככל האפשר, למצב שהיו בו, אילולא נעשה שימוש בהם.
(ב) נגרם נזק ישיר לבעל המקרקעין כתוצאה מביצוע העבודות, ישלם מבצע העבודות, לפי דרישת הניזוק, פיצויים על הנזק שנגרם.
(ג) החליט בעל רשיון לדחות דרישה לפיצויים לפי סעיף קטן (ב), ימסור לבעל המקרקעין הודעה מנומקת בכתב על כך תוך ששים ימים מיום קבלת הדרישה.","לפני:
“(ב) נגרם נזק ישיר כתוצאה מביצוע עבודות לפי סעיף 39 או סעיף 40 לבעל המקרקעין או המחזיק במקרקעין פרטיים, ישלם מבצע העבודות … פיצויים לניזוק על נזקו…”
אחרי:
“(ב) נגרם נזק ישיר לבעל המקרקעין כתוצאה מביצוע העבודות, ישלם מבצע העבודות … פיצויים על הנזק שנגרם.”
משמעות: הוסר זכות התביעה של “מחזיק במקרקעין פרטיים” – צמצום מעגל הזכאים לפיצויים.","לפני:
“(ג) … ימסור לבעל המקרקעין או למחזיק בהם, לפי העניין, הודעה מנומקת…”
אחרי:
“(ג) … ימסור לבעל המקרקעין הודעה מנומקת…”
משמעות: גם ההודעה על דחיית התביעה ממוקדת עתה רק בבעל המקרקעין, והוחלשה הזכות של שוכרים או מחזיקים לקבל הודעה – שינוי מהותי בזכויות התהליך.",
מיתקנים המחוברים למקרקעין,"44 על אף הוראות סעיף 12 לחוק המקרקעין, התשכ""ט1969, מיתקן חשמל או רשת חשמל שחוברו למקרקעין של אחר, יהיו בבעלותו של מי שהתקין את המיתקן או הרשת כדין.","51 על אף הוראות סעיף 12 לחוק המקרקעין, התשכ""ט1969, מיתקן חשמל או רשת חשמל שחוברו למקרקעין של אחר, יהיו בבעלותו של מי שהתקין אותם כדין.",ללא שינוי,,
פרק ז' ­ עבירות ועונשין,,,ללא שינוי,,
עבירות ועונשין,"45 (א) העובר על הוראות סעיפים 16, 26 או 27 או על הוראות לפיהם, או המפר תנאי מתנאי הרשיון, דינו – מאסר שנה אחת או קנס פי שלושה משיעור הקנס האמור בסעיף 61(א)(2) לחוק העונשין, התשל""ז–1977 (להלן – חוק העונשין), ובעבירה נמשכת – קנס נוסף לכל יום שבו נמשכת העבירה, פי שלושה משיעור הקנס האמור בסעיף 61(ג) לחוק העונשין, זולת אם הוכיח כי עשה את כל שניתן לעשות באופן סביר, כדי למנוע את העבירה.
(ב) הפר תאגיד הוראה או תנאי כאמור בסעיף קטן (א), יישא באחריות לעבירה גם אדם אשר בעת ביצוע העבירה היה מנהל פעיל בתאגיד, דירקטור, חבר ועדת דירקטוריון שאינו דירקטור, שותף – למעט שותף מוגבל – או פקיד באותו תאגיד האחראי לעניין הנדון, אלא אם כן הוכיח אחד מאלה:
(1) שהעבירה נעברה שלא בידיעתו ולא היה עליו לדעת עליה או שלא יכול היה לדעת עליה;
(2) שנקט את כל האמצעים הסבירים כדי למנוע את העבירה.","52 (א) העובר על הוראות סעיפים 17(ב) ו–(ג), 54 או 35 או בעל רשיון המפר תנאי מתנאי הרשיון, לעניין פעילות נושא הרשיון, דינו – מאסר שנה אחת או קנס פי שלושה משיעור הקנס האמור בסעיף 61(א)(2) לחוק העונשין, התשל""ז–1977 (להלן – חוק העונשין), וקנס נוסף לכל יום שבו נמשכה העבירה, פי שלושה משיעור הקנס האמור בסעיף 61(ג) לחוק העונשין.
(ב) עבירה לפי סעיף קטן (א) אינה טעונה הוכחת מחשבה פלילית או רשלנות.
(ג) המבצע אחת מן הפעולות המנויות בסעיף 3 ללא רשיון, או העובר על הוראות סעיף 17(א), דינו – מאסר שלוש שנים או קנס פי ארבעה משיעור הקנס האמור בסעיף 61(א)(3) לחוק העונשין וקנס נוסף לכל יום שבו נמשכה העבירה, פי ארבעה מן הקנס האמור בסעיף 61(ג) לחוק העונשין.","בסעיף (עבירות ועונשין): לפני:
“45. (א) העובר על הוראות סעיפים 16, 26 או 27 … או המפר תנאי מתנאי הרשיון, דינו – מאסר שנה אחת או קנס פי שלושה… ובעבירה נמשכת – קנס נוסף… זולת אם הוכיח כי עשה את כל שניתן לעשות באופן סביר, כדי למנוע את העבירה.
(ב) הפר תאגיד הוראה או תנאי כאמור בסעיף קטן (א), יישא באחריות גם אדם שהיה מנהל פעיל…, אלא אם כן הוכיח אחד מאלה: (1) שלא ידע…, (2) שנקט את כל האמצעים הסבירים כדי למנוע את העבירה.”

אחרי:
“52. (א) העובר על הוראות סעיפים 17(ב) ו–(ג), 54 או 35 … דינו – מאסר שנה אחת או קנס פי שלושה… וקנס נוסף לכל יום…
(ב) עבירה לפי סעיף קטן (א) אינה טעונה הוכחת מחשבה פלילית או רשלנות.
(ג) המבצע אחת מן הפעולות המנויות בסעיף 3 ללא רישיון, או העובר על הוראות סעיף 17(א), דינו – מאסר שלוש שנים או קנס פי ארבעה… וקנס נוסף לכל יום…”

משמעות: מעדכן ומצמצם את הסעיפים הפליליים המוגדרים (מ-16,26,27 ל-17(b),(c),54,35), מוסיף אחריות ללא הוכחת כוונה פלילית (“strict liability”) לפעולות המוזכרות בסעיף 52(א), ובסעיף 52(ג) מגדיר עבירות חמורות חדשות – ביצוע פעולות ללא רישיון או הפרת 17(א) – עם ענישה מחמירה (מאסר שלוש שנים וקנס פי ארבעה). כל אלה מהווים שינוי מהותי בהיקף העבירות, בקריטריונים לאשמה ובחומרת העונש.",,
השחתת מתקן חשמל,לא מופיע,"53 המשחית מיתקן חשמל, למעט מיתקן לשימוש פרטי, או כל חלק מרשת חשמל, הגורם לו נזק או המסלק אותו ממקומו או הפוגע בתחנת כוח שלא כדין, דינו – מאסר חמש שנים.","סעיף (השחתת מתקן חשמל): לפני: “לא מופיע.” אחרי:
“53. המשחית מיתקן חשמל, למעט מיתקן לשימוש פרטי, או כל חלק מרשת חשמל, הגורם לו נזק או המסלק אותו ממקומו או הפוגע בתחנת כוח שלא כדין, דינו – מאסר חמש שנים.”
משמעות: הוגדרה עבירה פלילית חדשה של השחתת מתקנים או רשת חשמל, עם ענישה חמורה (מאסר חמש שנים), מה שמחזק באופן מהותי את ההגנה על תשתיות החשמל ומרחיב את הסמכויות האכיפתיות כנגד ונדליזם תשתיתי.",,
עשיית פעולות ללא רישיון,"6 המבצע אחת מן הפעולות המנויות בסעיף 2 ללא רשיון, דינו – מאסר שלוש שנים או קנס פי ארבעה משיעור הקנס האמור בסעיף 61(א)(3) לחוק העונשין, ובעבירה נמשכת – קנס נוסף לכל יום שבו נמשכת העבירה, פי ארבעה מן הקנס האמור בסעיף 61(ג) לחוק העונשין",לא קיים,"סעיף (עשיית פעולות ללא רישיון): לפני:
“6. המבצע אחת מן הפעולות המנויות בסעיף 2 ללא רישיון, דינו – מאסר שלוש שנים או קנס פי ארבעה משיעור הקנס האמור בסעיף 61(א)(3) לחוק העונשין, ובעבירה נמשכת – קנס נוסף לכל יום שבו נמשכה העבירה, פי ארבעה מן הקנס האמור בסעיף 61(ג) לחוק העונשין.”
אחרי:
“לא קיים סעיף כזה.”
משמעות: בוטלה עבירת “עשיית פעולות ללא רישיון” שהטילה ענישה מחמירה על ביצוע פעולות ללא רישיון (מאסר שלוש שנים וקנס כפול), ובכך הוסר מעקב פלילי ייעודי על הפרת הזכויות הפורמליות, מה שמחליש את אכיפת דרישת הרישיון.",,
סמכויות לדרוש ידיעות ומסמכים,"7 (א) התעורר חשד לעבירה על הוראה מהוראות חוק זה, רשאי המנהל באישור השר או מי שהוא הסמיך לכך בכתב, לדרוש מבעל רשיון כל מסמך הנוגע לעניין, לרבות דינים וחשבונות, פנקס ותעודה או מסמך אחר (להלן – מסמך), שיש בהם כדי להבטיח או להקל את ביצוע הוראות החוק או הרשיון, או כדי להוכיח את ביצוע העבירה.","6 (א) התעורר חשד לעבירה על הוראה מהוראות חוק זה, רשאי המנהל, באישור השר או מי שהוא הסמיך לכך בכתב, לדרוש מבעל רשיון כל מסמך הנוגע לעניין, לרבות דינים וחשבונות, פנקסים ותעודות או מסמכים אחרים (להלן – מסמכים), שיש בהם כדי להבטיח או להקל את ביצוע הוראות החוק או הרשיון, או כדי להוכיח את ביצוע העבירה.
(ב) המסמכים יוחזרו למי שממנו נלקחו, לא יאוחר מתום ששה חודשים מיום שנלקחו, אלא אם כן הוגש כתב אישום; שופט בית משפט שלום רשאי להאריך תקופה זו בתנאים.
(ג) המנהל ימסור העתק צילומי למבקש, תוך שבעה ימים מיום הבקשה.","סעיף “סמכויות לדרוש ידיעות ומסמכים”: לפני: “7 (א) התעורר חשד לעבירה על הוראה מהוראות חוק זה, רשאי המנהל … לדרוש מבעל רשיון כל מסמך הנוגע לעניין, לרבות דינים וחשבונות, פנקס ותעודה או מסמך אחר (להלן – מסמך), ….” אחרי: “6 (א) התעורר חשד לעבירה על הוראה מהוראות חוק זה, רשאי המנהל … לדרוש מבעל רשיון כל מסמך הנוגע לעניין, לרבות דינים וחשבונות, פנקסים ותעודות או מסמכים אחרים (להלן – מסמכים), …. (ב) המסמכים יוחזרו למי שממנו נלקחו, לא יאוחר מתום ששה חודשים מיום שנלקחו, אלא אם הוגש כתב אישום; שופט בית משפט שלום רשאי להאריך תקופה זו בתנאים. (ג) המנהל ימסור העתק צילומי למבקש, תוך שבעה ימים מיום הבקשה.” משמעות: מלבד עניין טכני של שינוי המספור (7→6) והכללת צורת הרבים במסמכים, נוסף לראשונה לוח זמנים מחייב להחזרת המסמכים בתוך שישה חודשים (או הארכה שיפוטית), וצו חובת העתק צילום לבעל הרשיון תוך שבעה ימים, מה שמטמיע בהליך דדליין ואמצעי שקיפות והגנה על זכויות בעל הרשיון",,
הפרעה לבעל רישיון,"8 (א) המשחית מיתקן חשמל למעט מיתקן לשימוש פרטי או כל חלק מרשת חשמל, הגורם לו נזק או המסלק אותו ממקומו או הפוגע בתחנת כוח שלא בדין, דינו – מאסר חמש שנים.
(ב) העושה אחת מאלה שלא בדין, דינו – מאסר שלוש שנים:
(1) מפריע, מונע או מעכב הולכה, חלוקה או אספקת חשמל;
(2) מפריע לבעל רשיון או לשלוחו, בעצמו או על ידי שלוחיו או קבלניו, בהקמתה, בהפעלתה, בקיומה, בשינויה, בבדיקתה או בתיקונה של רשת חשמל;
(3) מתחבר לרשת חשמל של בעל רשיון ספק שירות חיוני","54 העושה אחת מאלה, דינו – מאסר שלוש שנים:
(1) מפריע, מונע או מעכב הולכה, חלוקה או אספקת חשמל;
(2) מפריע לבעל רשיון או לשלוחו, בעצמו או על ידי שלוחיו או קבלניו, בהקמתה, בהפעלתה, בקיומה, בשינויה, בבדיקתה או בתיקונה של רשת חשמל;
(3) מתחבר לרשת חשמל של בעל רשיון ספק שירות חיוני","סעיף (הפרעה לבעל רישיון): לפני:
“8. (א) המשחית מיתקן חשמל – למעט מיתקן לשימוש פרטי או כל חלק מרשת חשמל – הגורם לו נזק או המסלק אותו ממקומו או הפוגע בתחנת כוח שלא בדין, דינו – מאסר חמש שנים.
(ב) העושה אחת מאלה שלא בדין, דינו – מאסר שלוש שנים: (1) מפריע, מונע או מעכב הולכה… (2) מפריע לבעל רישיון… (3) מתחבר לרשת חשמל….”
אחרי:
“54. העושה אחת מאלה, דינו – מאסר שלוש שנים: (1) מפריע, מונע או מעכב הולכה, חלוקה או אספקת חשמל; (2) מפריע לבעל רישיון…; (3) מתחבר לרשת חשמל…”
משמעות: הוסר העבירה החמורה על השמדה או פגיעה במתקנים (מאסר עד חמש שנים), ואותרו רק עבירות ההפרעה והתחרות בתעריפים תחת קוד של מאסר שלוש שנים, מה שמצמצם את היקף הסנקציות ותוקף העונשין רק להפרעה לפעילות ולא להשמדה פיזית של מתקנים.",,
פרק ח' ­ הוראות שונות,פרק ח' ­ הוראות שונות,פרק ח' ­ הוראות שונות,ללא שינוי,,
מינוי מנהל,"49 הממשלה תמנה, על פי הצעת השר, מנהל לענין חוק זה; על מינויו לא תחול חובת המכרז לפי סעיף 19 לחוק שירות המדינה (מינויים), התשי""ט1959. המנהל יהיה עובד מדינה והוא כפוף במישרין לשר.","7 הממשלה תמנה, על פי הצעת השר, מנהל לענין חוק זה. המנהל יהיה עובד מדינה והוא כפוף במישרין לשר.","בסעיף (מינוי מנהל): לפני:
“49. הממשלה תמנה, על פי הצעת השר, מנהל לעניין חוק זה; על מינויו לא תחול חובת המכרז לפי סעיף 19 לחוק שירות המדינה (מינויים), התשי״ט-1959. המנהל יהיה עובד מדינה והוא כפוף במישרין לשר.”
אחרי:
“7. הממשלה תמנה, על פי הצעת השר, מנהל לעניין חוק זה. המנהל יהיה עובד מדינה והוא כפוף במישרין לשר.”
משמעות: הוסר החריג המאפשר למנות את המנהל ללא מכרז מתחרה, ובכך הוחל חובת המכרז על המינוי—מהלך מהותי המבטל את האפשרות למנות מנהל במינוי פוליטי ישיר ומעמיד אותו בבחינת תחרות פתוחה ושקופה",,
שעת חירום,"0 (א) השר רשאי להכריז, באישור הממשלה על שעת חירום במשק החשמל, לתקופה מוגבלת.
(ב) הכריז השר כאמור בסעיף קטן (א), הוא יהיה רשאי לקבוע בתקנות את ההוראות שיחולו על הפעלת משק החשמל בשעת החירום, באישור הממשלה.","8 (א) השר רשאי להכריז, באישור הממשלה על שעת חירום במשק החשמל, לתקופה מוגבלת; לענין זה, ""שעת חירום"" ­ לרבות הפסקה מכוונת במילוי חובותיו של בעל רשיון ספק שירות חיוני לפי חוק זה או אי יכולת לקיים חובות כאמור.
(ב) השר, בהתייעצות עם שר האוצר ובאישור הממשלה, רשאי לקבוע הוראות שיחולו על הפעלת משק החשמל בשעת חירום, דרך כלל או לסוגים.","בסעיף (ג): לפני: “(ג) החליט בעל רשיון לדחות דרישה לפיצויים לפי סעיף קטן (ב), ימסור לבעל המקרקעין או למחזיק בהם, לפי העניין, הודעה מנומקת בכתב על כך תוך ששים ימים מיום קבלת הדרישה.” אחרי: “(ג) החליט בעל רשיון לדחות דרישה לפיצויים לפי סעיף קטן (ב), ימסור לבעל המקרקעין הודעה מנומקת בכתב על כך תוך ששים ימים מיום קבלת הדרישה.” משמעות: הוסר המונח “או למחזיק בהם,” כך שרק בעלי המקרקעין – ולא מחזיקי מקרקעין פרטיים שאינם בעלי זכות בעלות – רשאים לקבל הודעה מנומקת ולממש את זכות הפיצוי; צמצום היקף זכות התביעה וההגנה המשפטית.",,
שמירת דינים,"פרק ט' ­ שמירת דינים והוראות מעבר
51 (א) פקודת זכיונות החשמל ­ בטלה.
(ב) פקודת זכיונות החשמל (ירושלים) ­ בטלה.
(ג) בחוק החשמל, התשי""ד1954­:
    (1) סעיף 2 ­ בטל;
    (2) בסעיף 4(ד), בסופו יבוא ""ובלבד שהותקנו ערב תחילתו של חוק משק החשמל, התשנ""ו1996­"".
(ד) הוראות חוק החשמל, התשי""ד1954­, למעט סעיף 2, יהיו בתוקף ככל שאינן סותרות הוראות חוק זה.
(ה) תקנות, צווים או כללים שהותקנו מכוח פקודת זכיונות החשמל, יהיו בתוקף, כל עוד לא בוטלו במפורש בחוק זה או פקע תוקפם, זולת אם חלפו שנתיים מיום תחילתו של חוק זה.
(ו) התעריפים הקיימים בעת תחילתו של חוק זה, לרבות עדכונם, יהיו בתוקף כל עוד לא שונו על פי הוראות חוק זה.",".59 (א) פקודת זכיונות החשמל ­ בטלה.
(ב) פקודת זכיונות החשמל (ירושלים)25 ­ בטלה.
(ג) חוק הספקת חשמל (הוראות מיוחדות), התשמ""ח1987­ ­ בטל.
(ד) בחוק החשמל, התשי""ד1954­ 26 ­
(ו) סעיף 2 ­ בטל;
(2) בסעיף 4(ד), בסופו יבוא ""ובלבד שהותקן ערב תחילתו של חוק משק החשמל, התשנ""ו1996­"";
(3) ככל שהוראותיו אינן סותרות את הוראות חוק זה ­ ההוראות בתוקף.
(ה) תקנות, צווים או כללים שהותקנו מכוח פקודת זכיונות החשמל, יהיו בתוקף, כל עוד לא בוטלו במפורש בחוק זה או פקע תוקפם, עד תום שנתיים מיום תחילתו של חוק זה.
(ו) התעריפים הקיימים בעת תחילתו של חוק זה, לרבות עדכונם, יהיו בתוקף כל עוד לא שונו על פי הוראות חוק זה.","סעיף (שמירת דינים והוראות מעבר): לפני (הצעת חוק):
“51. (ג) בחוק החשמל, התשי""ד-1954: (1) סעיף 2 – בטל; (2) בסעיף 4(ד), בסופו יבוא ‘ובלבד שהותקנו ערב תחילתו של חוק משק החשמל, התשנ""ו-1996’.”
אחרי (חוק בפועל):
“59. (ג) חוק הספקת חשמל (הוראות מיוחדות), התשמ""ח-1987 – בטל; (ד) בחוק החשמל, התשי""ד-1954: (1) סעיף 2 – בטל; (2) בסעיף 4(ד), בסופו יבוא ‘ובלבד שהותקן ערב תחילתו של חוק משק החשמל, התשנ""ו-1996’; (3) ככל שהוראותיו אינן סותרות את הוראות חוק זה – ההוראות בתוקף.”
משמעות: נוסף ביטול מפורש של “חוק הספקת חשמל (הוראות מיוחדות), התשמ""ח-1987” שלא הוזכר בהצעת החוק, פורמולציה מחודשת שממקדת את המשך התוקף של הוראות חוק החשמל הקיים רק ככל שאינן סותרות, וחיזוק מנגנון השימור של הוראות החקיקה הישנה במסגרת פרק המעבר",,
הוראות מעבר,"52 (א) חברת החשמל לישראל בע""מ תמשיך את פעילויותיה וכן תמשיך לתת
שירותים שנתנה ערב פקיעת פקודת זכיונות החשמל, לפי פקודת הזכיונות, ולפי הוראות
חוק הספקת חשמל (הוראות מיוחדות), התשמ""ח,1987­ והצווים על פיו, עד שיינתנו
רשיונות לפי חוק זה,­ לצורך זה יהיו בידיהן כל הזכויות והסמכויות שהיו לה ערב תחילתו
של חוק זה, למעט הזכויות לפי סעיפים ג ו25­ לתוספת לפקודת זכיונות החשמל.
(ב) חברת החשמל למזרח ירושלים בע""מ, תמשיך את פעילויותיה ותמשיך לתת
שירותים שנתנה ערב תחילתו של חוק זה לפי חוק הספקת חשמל (הוראות מיוחדות),
התשמ""ח,1987­ והצווים על פיו, עד שיינתנו רשיונות לפי חוק זה, לצורך זה יהיו בידיה בל
הזכויות והסמכויות שהיו לה ערב תחילתו של חוק זה.
(ג) רשיונות לפי חוק זה יינתנו לא יאוחר משנה אחת מיום תחילתו של חוק זה.
(ד) למרות הוראות סעיף 3(ב) ו8­(ב), יינתן רשיון ראשון להולכה, לחלוקה, להספקה,
למכירה של חשמל וסחר בו, לחברת החשמל לישראל בע""מ, לתקופה של עשר שנים מיום
תחילתו של חוק זה (להלן ­ תקופת המעבר).
(ה) בעל רשיון ייצור ימכור חשמל רק לחברת החשמל לישראל בע""מ, בתקופה שבה
היא פועלת לפי סעיף 51(ד).
(ו) למרות הוראות סעיף 19(ב), בעל רשיון ייצור רשאי למכור חשמל למי שהוא
קשור עמו בחוזה למכירת חשמל, שהיה בתוקף ביום תחילתו של חוק זה, בהתאם לתנאי
אותו חוזה","60 (א) חברת החשמל לישראל בע""מ (להלן ­ חברת החשמל) תמשיך את פעילויותיה
ומתן השירותים שנתנה ערב פקיעת זכיונות החשמל לפי פקודת זכיונות החשמל ולפי
הוראות חוק הספקת חשמל (הוראות מיוחדות) התשמ ח,1987­ והצווים על פיו, עד
שיינתנו רשיונות לפי חוק זה ולא יאוחר משנה לשם כך יהיו בידיה כל הזכויות הסמכויות
והחובות שהיו לה ערב תחילתו של חוק זה למעט הזכויות והסמכויות לפי סעיפים 3 ו25­
לתוספת לפקודת זכיונות החשמל
(ב) חברת החשמל למזרח ירושלים בע מ תמשיך את פעילויותיה ומתן השירותים
שנתנה ערב תחילתו של חוק הספקת חשמל (הוראות מיוחדות) התשמ ח1987­ והצווים על
פיו עד שיינתנו רשיונות לפי חוק זה ולא יאוחר משנה לשם כך יהיו בידיה כל הזכויות,
הסמכויות והחובות שהיו לה ערב תחילתו של חוק זה
(ג) מי שערב תחילתו של חוק זה היה בעל רשיון לביצוע פעילות יהיה רשאי
להמשיך בביצוע אותה פעילות במשך שנה מיום תחילתו של חוק זה ומי שהיה בידיו רשיון
ייצור יהיה רשאי גם למכור חשמל למי שהוא קשור עמו למכירת חשמל בחוזה שהיה
בתוקף ביום התחילה בהתאם לתנאי אותו חוזה
(ד) על אף הוראות סעיפים 4(ב) ו9­(ב) יינתן רשיון ראשון להולכה, לחלוקה,
להספקה למכירה של חשמל ולסחר בו לחברת החשמל לתקופה של עשר שנים מיום
תחילתו של חוק זה (להלן ­ תקופת המעבר)
(ה) אין בהוראות חוק זה כדי לפגוע בפעולות המנהל לפי סעיפים 6 ו15­ לפקודת
זכיונות החשמל שהוחל בהן לפני תחילתו של חוק זה
(ו) מינוים הראשון של חברי הרשות לפי סעיף 22 ייעשה תוך 60 ימים מיום
תחילתו של חוק זה","סעיף (א): לפני:
“52 (א) חברת החשמל לישראל בע”מ תמשיך את פעילויותיה וכן תמשיך לתת שירותים … לצורך זה יהיו בידיהן כל הזכויות והסמכויות שהיו לה ערב תחילתו של חוק זה, למעט הזכויות לפי סעיפים ג ו-25 לתוספת לפקודת זכיונות החשמל.”
אחרי:
“60 (א) חברת החשמל לישראל בע”מ (להלן – חברת החשמל) תמשיך את פעילויותיה ומתן השירותים … עד שיינתנו רשיונות לפי חוק זה ולא יאוחר משנה לשם כך יהיו בידיה כל הזכויות, הסמכויות והחובות שהיו לה ערב תחילתו של חוק זה למעט הזכויות והסמכויות לפי סעיפים 3 ו-25 לתוספת לפקודת זכיונות החשמל.”
משמעות: נוסף תקרית זמנים ברורה של שנה לסיום תקופת המעבר, ומתווספת חובת מילוי אחריות בפועל (“החובות”) לצד הזכויות והסמכויות – חיזוק פיקוח והבטחת המשך השירות תחת תנאים ברורים.","סעיף (ג): לפני:
“52 (ג) רשיונות לפי חוק זה יינתנו לא יאוחר משנה אחת מיום תחילתו של חוק זה.”
אחרי:
“60 (ג) מי שערב תחילתו של חוק זה היה בעל רשיון לביצוע פעילות יהיה רשאי להמשיך בביצוע אותה פעילות במשך שנה מיום תחילתו של חוק זה ומי שהיה בידיו רשיון ייצור יהיה רשאי גם למכור חשמל למי שהוא קשור עמו למכירת חשמל בחוזה שהיה בתוקף ביום תחילתו בהתאם לתנאי אותו חוזה.”
משמעות: מרחיב את סמכות ההמשך לא רק לרשיונות שיינתנו לפי חוק חדש אלא לכל מי שהחזיק רישיון קודם, ומאגד גם את זכויות המכירה החוזית – מהלך המבטיח המשכיות פעילות ומכירות לחוזים קיימים",
שמירת התחייבויות וזכויות,"53 אין בהוראות חוק זה כדי לפגוע בהתחייבויותיה וזכויותיה של חברת החשמל לישראל בע""מ על פי חוזה, למעט אם בוטלו או שונו במפורש בחוק זה",61 אין בהוראות חוק זה כדי לפגוע בהתחייבויותיה וזכויותיה של חברת החשמל על פי חוזה אלא אם כן בוטלו או שונו במפורש בחוק זה,ללא שינוי,,
העברת זכויות ונכסים,"54 (א) על אף הוראות סעיף 64 לפקודת זכיונות החשמל, הזכויות והנכסים של חברת החשמל לישראל בע""מ, שהיו בידיה בעת פקיעת הזכיון ושהיא זכאית לפיצוי מן המדינה בעדם, לפי הסעיף האמור, יישארו בירי החברה ולא ישולם פיצוי בעדם.
(ב) (1) הזכויות והנכסים שבעדם החברה אינה זכאית לפיצוי, כאמור בסעיף קטן (א) ואשר משמשים או נועדו לשמש, בין במישרין ובין בעקיפין, לפעילותה לפי חוק זה, יירכשו לחברה לפי ערכם ביום הקנית הזכויות והנכסים, בהתאם להסדר שייחתם בין המדינה לחברה;
(2) בסעיף זה, ""משמשים"", ""נועדו לשמש"" ­ כפי שיקבעו השרים.
(ג) עד לעריכת ההסדר להקנית הזכויות והנכסים בהתאם לסעיף קטן (ב), יישארו הזכויות והנכסים שלגביהם אמור להיערך ההסדר, בידי חברת החשמל לישראל בע""מ, כפי שהיו בעת פקיעת הזכיון. לא הגיעו הצדדים להסדר כאמור, תוך שנה אחת ממועד פקיעת הזכיון, יקבעו השרים הוראות לענין הקנית הזכויות והנכסים כאמור.
(ד) נדרשה המדינה לשלם תשלום כלשהו בשל התחייבות מהתחייבויות החברה אשר היו בתוקף בעת פקיעת הזכיון, עקב פקיעת הזכיון או כתוצאה מביצוע הוראות סעיפים קטנים (א) או (ב), תשפה אותה החברה על בל תשלום כאמור.
(ה) העלויות שיחולו על חברת החשמל לישראל בע""מ, לפי הסדר שיקבעו השרים בקשר להסכם שנחתם בין המדינה לבין חברת החשמל לישראל בע""מ ביום 25 לספטמבר ,1975 יובאו בחשבון במלואן, לצורך קביעת תעריפים","62 (א) על אף הוראות סעיף 46 לתוספת לפקודת זכיונות החשמל התחייבויות חברת החשמל וכן הזכויות והנכסים שלה, שהיו בידיה בעת פקיעת הזכיון ושהיא זכאית לפיצוי מן המדינה בעדם לפי הסעיף האמור יישארו בידי חברת החשמל ולא ישולם פיצוי בעדם
(ב) הזכויות והנכסים שבעדם חברת החשמל אינה זכאית לפיצוי, כאמור בסעיף קטן (א) ואשר משמשים או נועדו לשמש בין במישרין ובין בעקיפין לפעילותה לפי חוק זה, יירכשו בידי החברה לפי ערכם ביום הקניית הזכויות והנכסים בהתאם להסדר שייחתם בין המדינה לחברת החשמל בסעיף זה, משמשים , נועדו לשמש' ­ כפי שיקבעו השרים
(ג) עד לעריכת ההסדר כאמור בסעיף קטן (ב), יישארו הזכויות והנכסים שלגביהם אמור להיערך ההסדר בידי חברת החשמל, כפי שהיו בעת פקיעת הזכיון, לא הגיעו הצדדים להסדר כאמור תוך שנה אחת ממועד פקיעת הזכיון, יקבעו השרים הוראות לענין רכישת הזכויות והנכסים כאמור
(ד) נדרשה המדינה לשלם תשלום כלשהו בשל התחייבות מהתחייבויות חברת החשמל אשר היו בתוקף בעת פקיעת הזכיון, עקב פקיעתו או כתוצאה מביצוע הוראות סעיפים קטנים (א) או (ב), תשפה אותה חברת החשמל על בל תשלום כאמור
(ה) לצורך קביעת התעריפים, יובאו בחשבון במלואן העלויות שיחולו על חברת החשמל, לפי הסדר שיקבעו השרים בקשר להסכם שנחתם בין המדינה לבין חברת החשמל ביום כ' בתשרי התשל""ה (25 בספטמבר 1975)",ללא שינוי,,
ביצוע כללים ותקנות,5 השר ממונה על ביצוע חוק זה והוא רשאי להתקין תקנות וכללים לביצועו,63 השר ממונה על ביצוע חוק זה והוא רשאי להתקין תקנות וכללים לביצועו,ללא שינוי,,
תיקון חוק החברות הממשלתיות,"56 בחוק החברות הממשלתיות, התשל""ה1975­ ­27
(1) בסעיף 60א(ב), אחרי פסקה (4) יבוא:
""(4א) לענין בשירות לכהונה, לועדה המייעצת לפי חוק משק החשמל,
התשנ""ו,1996­ במקום הוראות סעיף 16א יחולו הוראות סעיף 37(א) לחוק
האמור"";
(2) בתוספת, בסופה יבוא:
"".7 הועדה המייעצת ­ חוק משק החשמל, התשנ""ו1996­"" ","64 בחוק החברות הממשלתיות, התשל""ה271975­ ­
(1) בסעיף 60א(ב), אחרי פסקה (4) יבוא:
""(4א) לענין כשירות לכהונה לרשות לשירותים ציבוריים ­ חשמל, לפי חוק
משק החשמל, התשנ""ו996­ו, במקום הוראות סעיף 6וא יחולו הוראות סעיפים
22(ג)(3) ו39­ לחוק האמור"";
(2) בתוספת, בסופה יבוא:
"".7 הרשות לשירותים ציבוריים ­ חשמל, לפי חוק משק החשמל,
התשנ""ו996­ו."" ","סעיף 56 בחוק החברות הממשלתיות ↔ סעיף 64 בפועל: לפני: “(1) בסעיף 60א(ב), אחרי פסקה (4) יבוא: ‘(4א) לעניין כשירות לכהונה, לועדה המייעצת לפי חוק משק החשמל, התשנ""ו 1996, במקום הוראות סעיף 16א יחולו הוראות סעיף 37(א) לחוק האמור’; (2) בתוספת, בסופה יבוא: ‘.7 הועדה המייעצת – חוק משק החשמל, התשנ""ו 1996.’”
אחרי: “(1) בסעיף 60א(ב), אחרי פסקה (4) יבוא: ‘(4א) לעניין כשירות לכהונה לרשות לשירותים ציבוריים – חשמל, לפי חוק משק החשמל, התשנ""ו 1996, במקום הוראות סעיף 16א יחולו הוראות סעיפים 22(ג)(3) ו-39 לחוק האמור’; (2) בתוספת, בסופה יבוא: ‘.7 הרשות לשירותים ציבוריים – חשמל, לפי חוק משק החשמל, התשנ""ו 1996.’”
משמעות: משנה את היישום מ”ועדה המייעצת” ל”הרשות לשירותים ציבוריים – חשמל” ומחליף את ההפניה מ־סעיף 37(א) לסעיפים 22(ג)(3) ו-39, מה שמרחיב ומדייק את הקריטריונים ל”כשירות לכהונה” על ידי העברת הסמכות והרלוונטיות ממבנה ייעוצי למבנה מינהלי רגולטור",,
תיקון חוק העבירות המינהליות ­ מס' 3,אין סעיף,"65 בחוק העבירות המינהליות, התשמ""ו1985­ ,28 בתוספת, אחרי 'חוק מס שבח מקרקעין,
התשכ""ג965­ו"" יבוא ""חוק משק החשמל, התשנ""ו996­ו"".","תיקון חוק העבירות המינהליות – מס’ 3: לפני: (לא היה סעיף) אחרי:
“65. בחוק העבירות המינהליות, התשמ”ו–1985, בתוספת, אחרי ‘חוק מס שבח מקרקעין, התשכ”ג–1965’ יבוא ‘חוק משק החשמל, התשנ”ו–1996’.”
משמעות: מוסיף את “חוק משק החשמל” לרשימת החוקים שהעבירות המינהליות חלות בגינם, וכך מאפשר אכיפה מנהלית של עבירות על הוראות חוק משק החשמל ללא צורך בפנייה לבית המשפט הפלילי—הרחבת סמכות האכיפה.",,
תיקון חוק שירות המדינה (מינויים) ­ מס' 9,אין סעיף,"66 בחוק שירות המדינה (מינויים), התשי""ט1959­ ,29 בתוספת, בסופה יבוא:
""יושב ראש הרשות לשירותים ציבוריים ­ חשמל;
מנהל מינהל החשמל במשרד האנרגיה והתשתית"".","סעיף 66 בחוק שירות המדינה (מינויים): לפני: “אין סעיף.” אחרי:
“66. בחוק שירות המדינה (מינויים), התשי”ט–1959, בתוספת, בסופה יבוא:
‘יושב ראש הרשות לשירותים ציבוריים – חשמל;
מנהל מינהל החשמל במשרד האנרגיה והתשתית.’”
משמעות: מוסיף לשני התפקידים – יושב ראש הרשות למתן שירותים ציבוריים (חשמל) ומנהל מינהל החשמל – את מעמד עובדי מדינה הזכאים להיקף פיקוח, חובות ויכולות מינויים לפי חוק שירות המדינה, ובכך מוודא שהם כפופים לכללי הגיוס, המינוי ושירות הציבור",,
תחילה,"57 תחילתו של חוק זה ביום י""ג באדר התשנ""ו (4 במרס 1996)","67 (א) תחילתו של חוק זה למעט סעיפים 52 עד 55 ביום י""ג באדר התשנ""ו (4 במרס 1996)
(ב) תחילתם של סעיפים 52 עד 55 ביום פרסומו של חוק זה",ללא שינוי,,